t,y
0.0,0.0
0.2,0.013
0.4,0.028
0.6,0.057
0.8,0.091
1.0,0.125
1.2,0.158
1.4,0.189
1.6,0.218
1.8,0.245
2.0,0.271
2.2,0.296
2.4,0.319
2.6,0.341
2.8,0.361
3.0,0.379
3.2,0.395
3.4,0.41
3.6,0.425
3.8,0.439
4.0,0.452
4.2,0.465
4.4,0.478
4.6,0.488
4.8,0.499
5.0,0.509
5.2,0.518
5.4,0.524
5.6,0.533
5.8,0.538
6.0,0.544
6.2,0.55
6.4,0.557
6.6,0.561
6.8,0.565
7.0,0.569
7.2,0.572
7.4,0.574
7.6,0.577
7.8,0.579
8.0,0.581
8.2,0.586
8.4,0.592
8.6,0.595
8.8,0.598
9.0,0.601
9.2,0.603
9.4,0.605
9.6,0.606
9.8,0.609
10.0,0.609
10.2,0.607
10.4,0.603
10.6,0.601
10.8,0.6
11.0,0.6
11.2,0.601
11.4,0.603
11.6,0.605
11.8,0.606
12.0,0.607
12.2,0.606
12.4,0.604
12.6,0.603
12.8,0.602
13.0,0.603
13.2,0.602
13.4,0.604
13.6,0.604
13.8,0.605
14.0,0.605
14.2,0.605
14.4,0.604
14.6,0.602
14.8,0.601
15.0,0.6
15.2,0.601
15.4,0.6
15.6,0.599
15.8,0.596
16.0,0.593
16.2,0.589
16.4,0.586
16.6,0.582
16.8,0.581
17.0,0.581
17.2,0.582
17.4,0.582
17.6,0.584
17.8,0.585
18.0,0.585
18.2,0.586
18.4,0.587
18.6,0.586
18.8,0.584
19.0,0.581
19.2,0.577
19.4,0.574
19.6,0.573
19.8,0.573
20.0,0.571
20.2,0.571
20.4,0.57
20.6,0.57
20.8,0.569
21.0,0.568
21.2,0.567
21.4,0.566
21.6,0.567
21.8,0.567
22.0,0.567
22.2,0.565
22.4,0.563
22.6,0.56
22.8,0.558
23.0,0.558
23.2,0.557
23.4,0.556
23.6,0.555
23.8,0.553
24.0,0.55
24.2,0.548
24.4,0.548
24.6,0.547
24.8,0.548
25.0,0.551
25.2,0.554
25.4,0.557
25.6,0.558
25.8,0.558
26.0,0.558
26.2,0.557
26.4,0.556
26.6,0.555
26.8,0.554
27.0,0.552
27.2,0.552
27.4,0.551
27.6,0.55
27.8,0.55
28.0,0.549
28.2,0.547
28.4,0.546
28.6,0.545
28.8,0.546
29.0,0.547
29.2,0.546
29.4,0.544
29.6,0.543
29.8,0.541
30.0,0.54
30.2,0.538
30.4,0.537
30.6,0.534
30.8,0.534
31.0,0.534
31.2,0.535
31.4,0.536
31.6,0.537
31.8,0.536
32.0,0.532
32.2,0.528
32.4,0.525
32.6,0.524
32.8,0.523
33.0,0.524
33.2,0.524
33.4,0.524
33.6,0.524
33.8,0.525
34.0,0.527
34.2,0.528
34.4,0.527
34.6,0.527
34.8,0.527
35.0,0.525
35.2,0.525
35.4,0.524
35.6,0.521
35.8,0.518
36.0,0.517
36.2,0.517
36.4,0.517
36.6,0.519
36.8,0.519
37.0,0.519
37.2,0.517
37.4,0.516
37.6,0.514
37.8,0.514
38.0,0.515
38.2,0.518
38.4,0.519
38.6,0.519
38.8,0.517
39.0,0.515
39.2,0.513
39.4,0.511
39.6,0.51
39.8,0.512
40.0,0.512
40.2,0.513
40.4,0.514
40.6,0.515
40.8,0.513
41.0,0.513
41.2,0.512
41.4,0.511
41.6,0.51
41.8,0.511
42.0,0.511
42.2,0.508
42.4,0.506
42.6,0.506
42.8,0.505
43.0,0.504
43.2,0.505
43.4,0.505
43.6,0.503
43.8,0.501
44.0,0.499
44.2,0.499
44.4,0.5
44.6,0.502
44.8,0.503
45.0,0.503
45.2,0.501
45.4,0.499
45.6,0.497
45.8,0.496
46.0,0.495
46.2,0.496
46.4,0.498
46.6,0.499
46.8,0.5
47.0,0.501
47.2,0.502
47.4,0.501
47.6,0.5
47.8,0.498
48.0,0.496
48.2,0.492
48.4,0.491
48.6,0.492
48.8,0.491
49.0,0.49
49.2,0.489
49.4,0.488
49.6,0.486
49.8,0.485
50.0,0.488
50.2,0.491
50.4,0.494
50.6,0.496
50.8,0.495
51.0,0.492
51.2,0.491
51.4,0.49
51.6,0.49
51.8,0.491
52.0,0.491
52.2,0.489
52.4,0.487
52.6,0.486
52.8,0.486
53.0,0.486
53.2,0.486
53.4,0.486
53.6,0.484
53.8,0.481
54.0,0.478
54.2,0.476
54.4,0.475
54.6,0.476
54.8,0.476
55.0,0.477
55.2,0.478
55.4,0.479
55.6,0.481
55.8,0.482
56.0,0.485
56.2,0.487
56.4,0.487
56.6,0.485
56.8,0.482
57.0,0.479
57.2,0.477
57.4,0.474
57.6,0.472
57.8,0.471
58.0,0.472
58.2,0.472
58.4,0.473
58.6,0.475
58.8,0.473
59.0,0.472
59.2,0.471
59.4,0.47
59.6,0.47
59.8,0.472
60.0,0.473
60.2,0.472
60.4,0.471
60.6,0.47
60.8,0.468
61.0,0.466
61.2,0.468
61.4,0.469
61.6,0.472
61.8,0.474
62.0,0.475
62.2,0.475
62.4,0.473
62.6,0.47
62.8,0.47
63.0,0.471
63.2,0.469
63.4,0.47
63.6,0.471
63.8,0.472
64.0,0.472
64.2,0.473
64.4,0.473
64.6,0.472
64.8,0.468
65.0,0.465
65.2,0.462
65.4,0.46
65.6,0.46
65.8,0.463
66.0,0.465
66.2,0.468
66.4,0.469
66.6,0.469
66.8,0.469
67.0,0.47
67.2,0.47
67.4,0.472
67.6,0.473
67.8,0.473
68.0,0.472
68.2,0.473
68.4,0.472
68.6,0.47
68.8,0.467
69.0,0.467
69.2,0.467
69.4,0.468
69.6,0.47
69.8,0.472
70.0,0.47
70.2,0.468
70.4,0.465
70.6,0.464
70.8,0.463
71.0,0.464
71.2,0.465
71.4,0.466
71.6,0.465
71.8,0.465
72.0,0.463
72.2,0.464
72.4,0.466
72.6,0.467
72.8,0.468
73.0,0.466
73.2,0.462
73.4,0.459
73.6,0.458
73.8,0.457
74.0,0.459
74.2,0.461
74.4,0.461
74.6,0.46
74.8,0.46
75.0,0.46
75.2,0.461
75.4,0.462
75.6,0.463
75.8,0.462
76.0,0.462
76.2,0.462
76.4,0.462
76.6,0.462
76.8,0.462
77.0,0.461
77.2,0.461
77.4,0.459
77.6,0.461
77.8,0.463
78.0,0.465
78.2,0.464
78.4,0.464
78.6,0.464
78.8,0.462
79.0,0.461
79.2,0.459
79.4,0.459
79.6,0.461
79.8,0.464
80.0,0.465
80.2,0.465
80.4,0.464
80.6,0.461
80.8,0.458
81.0,0.459
81.2,0.462
81.4,0.463
81.6,0.463
81.8,0.463
82.0,0.461
82.2,0.459
82.4,0.458
82.6,0.46
82.8,0.46
83.0,0.459
83.2,0.458
83.4,0.459
83.6,0.459
83.8,0.459
84.0,0.462
84.2,0.462
84.4,0.461
84.6,0.46
84.8,0.46
85.0,0.459
85.2,0.46
85.4,0.461
85.6,0.461
85.8,0.459
86.0,0.458
86.2,0.456
86.4,0.453
86.6,0.452
86.8,0.453
87.0,0.454
87.2,0.457
87.4,0.459
87.6,0.46
87.8,0.459
88.0,0.458
88.2,0.456
88.4,0.456
88.6,0.454
88.8,0.455
89.0,0.454
89.2,0.455
89.4,0.455
89.6,0.455
89.8,0.452
90.0,0.452
90.2,0.452
90.4,0.451
90.6,0.452
90.8,0.454
91.0,0.454
91.2,0.452
91.4,0.453
91.6,0.454
91.8,0.456
92.0,0.457
92.2,0.457
92.4,0.457
92.6,0.455
92.8,0.452
93.0,0.451
93.2,0.45
93.4,0.449
93.6,0.449
93.8,0.45
94.0,0.452
94.2,0.452
94.4,0.454
94.6,0.456
94.8,0.455
95.0,0.454
95.2,0.454
95.4,0.454
95.6,0.454
95.8,0.456
96.0,0.456
96.2,0.457
96.4,0.455
96.6,0.454
96.8,0.452
97.0,0.452
97.2,0.453
97.4,0.455
97.6,0.458
97.8,0.461
98.0,0.463
98.2,0.462
98.4,0.461
98.6,0.459
98.8,0.458
99.0,0.458
99.2,0.458
99.4,0.457
99.6,0.456
99.8,0.455
100.0,0.453
100.2,0.451
100.4,0.451
100.6,0.453
100.8,0.456
101.0,0.457
101.2,0.458
101.4,0.457
101.6,0.454
101.8,0.449
102.0,0.448
102.2,0.45
102.4,0.451
102.6,0.451
102.8,0.452
103.0,0.452
103.2,0.448
103.4,0.447
103.6,0.448
103.8,0.45
104.0,0.451
104.2,0.454
104.4,0.455
104.6,0.457
104.8,0.459
105.0,0.461
105.2,0.463
105.4,0.463
105.6,0.461
105.8,0.459
106.0,0.456
106.2,0.455
106.4,0.455
106.6,0.455
106.8,0.454
107.0,0.452
107.2,0.451
107.4,0.45
107.6,0.451
107.8,0.453
108.0,0.454
108.2,0.455
108.4,0.457
108.6,0.457
108.8,0.456
109.0,0.456
109.2,0.456
109.4,0.455
109.6,0.456
109.8,0.458
110.0,0.459
110.2,0.461
110.4,0.461
110.6,0.46
110.8,0.46
111.0,0.46
111.2,0.46
111.4,0.459
111.6,0.457
111.8,0.455
112.0,0.454
112.2,0.455
112.4,0.456
112.6,0.456
112.8,0.456
113.0,0.455
113.2,0.454
113.4,0.453
113.6,0.453
113.8,0.455
114.0,0.457
114.2,0.456
114.4,0.455
114.6,0.454
114.8,0.451
115.0,0.448
115.2,0.448
115.4,0.45
115.6,0.45
115.8,0.452
116.0,0.451
116.2,0.449
116.4,0.447
116.6,0.446
116.8,0.446
117.0,0.448
117.2,0.449
117.4,0.45
117.6,0.452
117.8,0.454
118.0,0.454
118.2,0.454
118.4,0.454
118.6,0.453
118.8,0.452
119.0,0.452
119.2,0.452
119.4,0.453
119.6,0.453
119.8,0.451
120.0,0.447
120.2,0.446
120.4,0.444
120.6,0.444
120.8,0.446
121.0,0.449
121.2,0.449
121.4,0.449
121.6,0.448
121.8,0.448
122.0,0.448
122.2,0.449
122.4,0.451
122.6,0.451
122.8,0.451
123.0,0.45
123.2,0.449
123.4,0.449
123.6,0.448
123.8,0.448
124.0,0.447
124.2,0.447
124.4,0.446
124.6,0.446
124.8,0.447
125.0,0.449
125.2,0.45
125.4,0.451
125.6,0.451
125.8,0.451
126.0,0.453
126.2,0.454
126.4,0.455
126.6,0.456
126.8,0.456
127.0,0.457
127.2,0.458
127.4,0.459
127.6,0.459
127.8,0.457
128.0,0.455
128.2,0.454
128.4,0.452
128.6,0.452
128.8,0.452
129.0,0.454
129.2,0.455
129.4,0.456
129.6,0.455
129.8,0.454
130.0,0.452
130.2,0.448
130.4,0.446
130.6,0.447
130.8,0.448
131.0,0.449
131.2,0.45
131.4,0.448
131.6,0.446
131.8,0.445
132.0,0.444
132.2,0.444
132.4,0.445
132.6,0.447
132.8,0.449
133.0,0.451
133.2,0.454
133.4,0.458
133.6,0.459
133.8,0.459
134.0,0.458
134.2,0.457
134.4,0.455
134.6,0.455
134.8,0.454
135.0,0.452
135.2,0.451
135.4,0.451
135.6,0.451
135.8,0.452
136.0,0.452
136.2,0.451
136.4,0.449
136.6,0.45
136.8,0.45
137.0,0.454
137.2,0.458
137.4,0.458
137.6,0.457
137.8,0.456
138.0,0.453
138.2,0.449
138.4,0.446
138.6,0.444
138.8,0.444
139.0,0.445
139.2,0.446
139.4,0.45
139.6,0.452
139.8,0.453
140.0,0.451
140.2,0.451
140.4,0.45
140.6,0.451
140.8,0.451
141.0,0.451
141.2,0.45
141.4,0.451
141.6,0.452
141.8,0.454
142.0,0.457
142.2,0.457
142.4,0.455
142.6,0.451
142.8,0.447
143.0,0.447
143.2,0.448
143.4,0.451
143.6,0.454
143.8,0.456
144.0,0.456
144.2,0.456
144.4,0.455
144.6,0.454
144.8,0.454
145.0,0.455
145.2,0.455
145.4,0.454
145.6,0.456
145.8,0.456
146.0,0.456
146.2,0.455
146.4,0.455
146.6,0.454
146.8,0.455
147.0,0.457
147.2,0.46
147.4,0.462
147.6,0.462
147.8,0.46
148.0,0.457
148.2,0.455
148.4,0.454
148.6,0.452
148.8,0.451
149.0,0.452
149.2,0.452
149.4,0.45
149.6,0.449
149.8,0.451
150.0,0.45
150.2,0.449
150.4,0.447
150.6,0.448
150.8,0.446
151.0,0.443
151.2,0.443
151.4,0.444
151.6,0.446
151.8,0.445
152.0,0.447
152.2,0.449
152.4,0.451
152.6,0.452
152.8,0.454
153.0,0.453
153.2,0.452
153.4,0.45
153.6,0.449
153.8,0.45
154.0,0.452
154.2,0.451
154.4,0.452
154.6,0.453
154.8,0.453
155.0,0.454
155.2,0.454
155.4,0.453
155.6,0.453
155.8,0.454
156.0,0.455
156.2,0.456
156.4,0.457
156.6,0.458
156.8,0.457
157.0,0.455
157.2,0.453
157.4,0.453
157.6,0.453
157.8,0.454
158.0,0.457
158.2,0.458
158.4,0.46
158.6,0.462
158.8,0.461
159.0,0.459
159.2,0.457
159.4,0.455
159.6,0.453
159.8,0.451
160.0,0.454
160.2,0.455
160.4,0.457
160.6,0.457
160.8,0.456
161.0,0.455
161.2,0.453
161.4,0.452
161.6,0.452
161.8,0.454
162.0,0.454
162.2,0.457
162.4,0.457
162.6,0.456
162.8,0.454
163.0,0.455
163.2,0.456
163.4,0.456
163.6,0.457
163.8,0.458
164.0,0.458
164.2,0.458
164.4,0.458
164.6,0.459
164.8,0.46
165.0,0.46
165.2,0.459
165.4,0.458
165.6,0.457
165.8,0.456
166.0,0.454
166.2,0.452
166.4,0.45
166.6,0.448
166.8,0.449
167.0,0.452
167.2,0.455
167.4,0.457
167.6,0.458
167.8,0.457
168.0,0.456
168.2,0.455
168.4,0.453
168.6,0.454
168.8,0.453
169.0,0.452
169.2,0.452
169.4,0.454
169.6,0.453
169.8,0.454
170.0,0.455
170.2,0.455
170.4,0.454
170.6,0.454
170.8,0.453
171.0,0.451
171.2,0.448
171.4,0.447
171.6,0.446
171.8,0.445
172.0,0.446
172.2,0.447
172.4,0.447
172.6,0.448
172.8,0.448
173.0,0.449
173.2,0.45
173.4,0.452
173.6,0.454
173.8,0.455
174.0,0.457
174.2,0.458
174.4,0.459
174.6,0.461
174.8,0.461
175.0,0.461
175.2,0.462
175.4,0.463
175.6,0.462
175.8,0.463
176.0,0.463
176.2,0.462
176.4,0.462
176.6,0.463
176.8,0.462
177.0,0.461
177.2,0.459
177.4,0.457
177.6,0.455
177.8,0.452
178.0,0.449
178.2,0.45
178.4,0.451
178.6,0.452
178.8,0.455
179.0,0.459
179.2,0.461
179.4,0.462
179.6,0.462
179.8,0.462
180.0,0.46
180.2,0.458
180.4,0.456
180.6,0.457
180.8,0.457
181.0,0.457
181.2,0.458
181.4,0.458
181.6,0.456
181.8,0.455
182.0,0.455
182.2,0.455
182.4,0.453
182.6,0.452
182.8,0.453
183.0,0.453
183.2,0.453
183.4,0.455
183.6,0.458
183.8,0.46
184.0,0.46
184.2,0.459
184.4,0.458
184.6,0.456
184.8,0.458
185.0,0.46
185.2,0.464
185.4,0.465
185.6,0.466
185.8,0.466
186.0,0.465
186.2,0.46
186.4,0.46
186.6,0.46
186.8,0.459
187.0,0.458
187.2,0.46
187.4,0.462
187.6,0.462
187.8,0.461
188.0,0.459
188.2,0.457
188.4,0.455
188.6,0.457
188.8,0.457
189.0,0.458
189.2,0.459
189.4,0.457
189.6,0.453
189.8,0.449
190.0,0.447
190.2,0.447
190.4,0.448
190.6,0.45
190.8,0.453
191.0,0.457
191.2,0.457
191.4,0.457
191.6,0.457
191.8,0.455
192.0,0.454
192.2,0.454
192.4,0.452
192.6,0.454
192.8,0.454
193.0,0.454
193.2,0.454
193.4,0.456
193.6,0.458
193.8,0.461
194.0,0.463
194.2,0.466
194.4,0.468
194.6,0.467
194.8,0.464
195.0,0.461
195.2,0.46
195.4,0.459
195.6,0.458
195.8,0.459
196.0,0.461
196.2,0.462
196.4,0.464
196.6,0.465
196.8,0.465
197.0,0.463
197.2,0.461
197.4,0.46
197.6,0.458
197.8,0.459
198.0,0.461
198.2,0.461
198.4,0.463
198.6,0.466
198.8,0.465
199.0,0.464
199.2,0.462
199.4,0.458
199.6,0.453
199.8,0.452
200.0,0.451
200.2,0.452
200.4,0.454
200.6,0.455
200.8,0.452
201.0,0.45
201.2,0.45
201.4,0.452
201.6,0.455
201.8,0.459
202.0,0.463
202.2,0.464
202.4,0.462
202.6,0.46
202.8,0.459
203.0,0.458
203.2,0.457
203.4,0.457
203.6,0.457
203.8,0.457
204.0,0.457
204.2,0.457
204.4,0.457
204.6,0.459
204.8,0.459
205.0,0.46
205.2,0.462
205.4,0.463
205.6,0.462
205.8,0.46
206.0,0.458
206.2,0.455
206.4,0.455
206.6,0.457
206.8,0.46
207.0,0.463
207.2,0.463
207.4,0.463
207.6,0.461
207.8,0.457
208.0,0.456
208.2,0.457
208.4,0.458
208.6,0.459
208.8,0.46
209.0,0.459
209.2,0.458
209.4,0.457
209.6,0.456
209.8,0.458
210.0,0.461
210.2,0.465
210.4,0.467
210.6,0.466
210.8,0.466
211.0,0.466
211.2,0.464
211.4,0.463
211.6,0.463
211.8,0.463
212.0,0.462
212.2,0.461
212.4,0.459
212.6,0.459
212.8,0.458
213.0,0.458
213.2,0.458
213.4,0.46
213.6,0.46
213.8,0.461
214.0,0.461
214.2,0.46
214.4,0.458
214.6,0.457
214.8,0.457
215.0,0.458
215.2,0.458
215.4,0.458
215.6,0.456
215.8,0.454
216.0,0.454
216.2,0.453
216.4,0.452
216.6,0.453
216.8,0.455
217.0,0.455
217.2,0.456
217.4,0.458
217.6,0.458
217.8,0.458
218.0,0.461
218.2,0.461
218.4,0.463
218.6,0.466
218.8,0.467
219.0,0.465
219.2,0.464
219.4,0.463
219.6,0.463
219.8,0.464
220.0,0.465
220.2,0.467
220.4,0.469
220.6,0.471
220.8,0.47
221.0,0.469
221.2,0.467
221.4,0.466
221.6,0.465
221.8,0.466
222.0,0.469
222.2,0.472
222.4,0.473
222.6,0.472
222.8,0.47
223.0,0.468
223.2,0.464
223.4,0.462
223.6,0.464
223.8,0.467
224.0,0.47
224.2,0.474
224.4,0.478
224.6,0.48
224.8,0.479
225.0,0.477
225.2,0.474
225.4,0.47
225.6,0.466
225.8,0.464
226.0,0.463
226.2,0.463
226.4,0.464
226.6,0.466
226.8,0.467
227.0,0.467
227.2,0.466
227.4,0.465
227.6,0.464
227.8,0.463
228.0,0.463
228.2,0.465
228.4,0.468
228.6,0.47
228.8,0.472
229.0,0.473
229.2,0.471
229.4,0.469
229.6,0.469
229.8,0.469
230.0,0.47
230.2,0.471
230.4,0.47
230.6,0.469
230.8,0.471
231.0,0.473
231.2,0.472
231.4,0.472
231.6,0.471
231.8,0.467
232.0,0.464
232.2,0.462
232.4,0.462
232.6,0.461
232.8,0.463
233.0,0.465
233.2,0.467
233.4,0.469
233.6,0.473
233.8,0.473
234.0,0.472
234.2,0.473
234.4,0.472
234.6,0.472
234.8,0.473
235.0,0.475
235.2,0.473
235.4,0.473
235.6,0.472
235.8,0.47
236.0,0.47
236.2,0.47
236.4,0.468
236.6,0.467
236.8,0.467
237.0,0.468
237.2,0.468
237.4,0.469
237.6,0.47
237.8,0.47
238.0,0.468
238.2,0.468
238.4,0.468
238.6,0.468
238.8,0.469
239.0,0.469
239.2,0.471
239.4,0.471
239.6,0.471
239.8,0.47
240.0,0.471
240.2,0.471
240.4,0.472
240.6,0.472
240.8,0.471
241.0,0.468
241.2,0.466
241.4,0.464
241.6,0.463
241.8,0.463
242.0,0.464
242.2,0.467
242.4,0.468
242.6,0.47
242.8,0.472
243.0,0.474
243.2,0.473
243.4,0.472
243.6,0.47
243.8,0.469
244.0,0.47
244.2,0.472
244.4,0.474
244.6,0.475
244.8,0.475
245.0,0.473
245.2,0.47
245.4,0.468
245.6,0.468
245.8,0.469
246.0,0.468
246.2,0.469
246.4,0.471
246.6,0.471
246.8,0.469
247.0,0.469
247.2,0.468
247.4,0.467
247.6,0.47
247.8,0.472
248.0,0.473
248.2,0.474
248.4,0.475
248.6,0.474
248.8,0.472
249.0,0.472
249.2,0.47
249.4,0.47
249.6,0.469
249.8,0.471
250.0,0.471
250.2,0.472
250.4,0.472
250.6,0.472
250.8,0.472
251.0,0.474
251.2,0.475
251.4,0.476
251.6,0.475
251.8,0.472
252.0,0.469
252.2,0.467
252.4,0.467
252.6,0.467
252.8,0.468
253.0,0.471
253.2,0.473
253.4,0.473
253.6,0.474
253.8,0.474
254.0,0.472
254.2,0.471
254.4,0.472
254.6,0.473
254.8,0.473
255.0,0.475
255.2,0.478
255.4,0.479
255.6,0.479
255.8,0.479
256.0,0.476
256.2,0.473
256.4,0.469
256.6,0.468
256.8,0.468
257.0,0.471
257.2,0.473
257.4,0.477
257.6,0.479
257.8,0.482
258.0,0.481
258.2,0.481
258.4,0.481
258.6,0.48
258.8,0.48
259.0,0.48
259.2,0.48
259.4,0.481
259.6,0.48
259.8,0.479
260.0,0.478
260.2,0.477
260.4,0.474
260.6,0.474
260.8,0.475
261.0,0.474
261.2,0.473
261.4,0.473
261.6,0.473
261.8,0.471
262.0,0.471
262.2,0.469
262.4,0.468
262.6,0.468
262.8,0.469
263.0,0.467
263.2,0.467
263.4,0.469
263.6,0.471
263.8,0.474
264.0,0.478
264.2,0.48
264.4,0.48
264.6,0.477
264.8,0.474
265.0,0.472
265.2,0.472
265.4,0.473
265.6,0.474
265.8,0.474
266.0,0.476
266.2,0.477
266.4,0.476
266.6,0.476
266.8,0.476
267.0,0.477
267.2,0.477
267.4,0.477
267.6,0.48
267.8,0.483
268.0,0.485
268.2,0.487
268.4,0.487
268.6,0.484
268.8,0.48
269.0,0.478
269.2,0.477
269.4,0.478
269.6,0.48
269.8,0.481
270.0,0.483
270.2,0.484
270.4,0.483
270.6,0.483
270.8,0.485
271.0,0.486
271.2,0.486
271.4,0.486
271.6,0.486
271.8,0.486
272.0,0.485
272.2,0.485
272.4,0.484
272.6,0.482
272.8,0.48
273.0,0.479
273.2,0.479
273.4,0.482
273.6,0.486
273.8,0.485
274.0,0.483
274.2,0.48
274.4,0.479
274.6,0.479
274.8,0.482
275.0,0.485
275.2,0.486
275.4,0.483
275.6,0.482
275.8,0.479
276.0,0.479
276.2,0.48
276.4,0.483
276.6,0.482
276.8,0.482
277.0,0.482
277.2,0.482
277.4,0.482
277.6,0.483
277.8,0.484
278.0,0.484
278.2,0.484
278.4,0.483
278.6,0.482
278.8,0.48
279.0,0.478
279.2,0.477
279.4,0.475
279.6,0.474
279.8,0.473
280.0,0.474
280.2,0.473
280.4,0.473
280.6,0.475
280.8,0.477
281.0,0.48
281.2,0.481
281.4,0.48
281.6,0.476
281.8,0.474
282.0,0.473
282.2,0.474
282.4,0.477
282.6,0.481
282.8,0.484
283.0,0.485
283.2,0.486
283.4,0.485
283.6,0.484
283.8,0.484
284.0,0.486
284.2,0.487
284.4,0.486
284.6,0.485
284.8,0.483
285.0,0.48
285.2,0.48
285.4,0.483
285.6,0.486
285.8,0.488
286.0,0.49
286.2,0.488
286.4,0.486
286.6,0.484
286.8,0.483
287.0,0.483
287.2,0.484
287.4,0.483
287.6,0.483
287.8,0.482
288.0,0.483
288.2,0.484
288.4,0.485
288.6,0.486
288.8,0.486
289.0,0.482
289.2,0.479
289.4,0.48
289.6,0.481
289.8,0.482
290.0,0.484
290.2,0.484
290.4,0.483
290.6,0.481
290.8,0.48
291.0,0.48
291.2,0.48
291.4,0.479
291.6,0.479
291.8,0.479
292.0,0.477
292.2,0.475
292.4,0.477
292.6,0.48
292.8,0.482
293.0,0.485
293.2,0.487
293.4,0.487
293.6,0.485
293.8,0.484
294.0,0.485
294.2,0.484
294.4,0.484
294.6,0.484
294.8,0.485
295.0,0.483
295.2,0.481
295.4,0.481
295.6,0.48
295.8,0.479
296.0,0.481
296.2,0.485
296.4,0.486
296.6,0.486
296.8,0.486
297.0,0.484
297.2,0.482
297.4,0.481
297.6,0.482
297.8,0.484
298.0,0.484
298.2,0.484
298.4,0.484
298.6,0.481
298.8,0.481
299.0,0.479
299.2,0.476
299.4,0.47
299.6,0.462
299.8,0.447
300.0,0.43
300.2,0.411
300.4,0.393
300.6,0.374
300.8,0.358
301.0,0.34
301.2,0.322
301.4,0.304
301.6,0.288
301.8,0.275
302.0,0.263
302.2,0.252
302.4,0.241
302.6,0.231
302.8,0.221
303.0,0.212
303.2,0.203
303.4,0.195
303.6,0.186
303.8,0.179
304.0,0.172
304.2,0.165
304.4,0.157
304.6,0.151
304.8,0.143
305.0,0.136
305.2,0.129
305.4,0.126
305.6,0.12
305.8,0.115
306.0,0.112
306.2,0.11
306.4,0.107
306.6,0.104
306.8,0.102
307.0,0.098
307.2,0.094
307.4,0.092
307.6,0.091
307.8,0.089
308.0,0.088
308.2,0.087
308.4,0.086
308.6,0.084
308.8,0.083
309.0,0.081
309.2,0.078
309.4,0.077
309.6,0.076
309.8,0.076
310.0,0.075
310.2,0.076
310.4,0.073
310.6,0.072
310.8,0.072
311.0,0.075
311.2,0.077
311.4,0.077
311.6,0.076
311.8,0.074
312.0,0.072
312.2,0.072
312.4,0.075
312.6,0.077
312.8,0.079
313.0,0.078
313.2,0.077
313.4,0.075
313.6,0.074
313.8,0.071
314.0,0.07
314.2,0.07
314.4,0.07
314.6,0.072
314.8,0.076
315.0,0.078
315.2,0.078
315.4,0.078
315.6,0.076
315.8,0.075
316.0,0.074
316.2,0.073
316.4,0.074
316.6,0.077
316.8,0.078
317.0,0.081
317.2,0.084
317.4,0.085
317.6,0.083
317.8,0.081
318.0,0.08
318.2,0.08
318.4,0.081
318.6,0.082
318.8,0.085
319.0,0.087
319.2,0.087
319.4,0.086
319.6,0.085
319.8,0.085
320.0,0.085
320.2,0.086
320.4,0.086
320.6,0.086
320.8,0.087
321.0,0.086
321.2,0.085
321.4,0.086
321.6,0.085
321.8,0.087
322.0,0.089
322.2,0.093
322.4,0.097
322.6,0.102
322.8,0.104
323.0,0.106
323.2,0.106
323.4,0.105
323.6,0.104
323.8,0.103
324.0,0.104
324.2,0.105
324.4,0.105
324.6,0.104
324.8,0.104
325.0,0.103
325.2,0.104
325.4,0.105
325.6,0.106
325.8,0.106
326.0,0.106
326.2,0.104
326.4,0.103
326.6,0.102
326.8,0.103
327.0,0.105
327.2,0.107
327.4,0.107
327.6,0.108
327.8,0.108
328.0,0.106
328.2,0.106
328.4,0.107
328.6,0.109
328.8,0.11
329.0,0.115
329.2,0.117
329.4,0.121
329.6,0.123
329.8,0.124
330.0,0.124
330.2,0.124
330.4,0.122
330.6,0.121
330.8,0.121
331.0,0.121
331.2,0.121
331.4,0.123
331.6,0.124
331.8,0.125
332.0,0.127
332.2,0.129
332.4,0.129
332.6,0.128
332.8,0.127
333.0,0.126
333.2,0.125
333.4,0.125
333.6,0.125
333.8,0.125
334.0,0.125
334.2,0.126
334.4,0.127
334.6,0.128
334.8,0.128
335.0,0.128
335.2,0.128
335.4,0.128
335.6,0.132
335.8,0.133
336.0,0.136
336.2,0.136
336.4,0.136
336.6,0.135
336.8,0.134
337.0,0.135
337.2,0.136
337.4,0.136
337.6,0.136
337.8,0.136
338.0,0.134
338.2,0.134
338.4,0.134
338.6,0.135
338.8,0.137
339.0,0.138
339.2,0.138
339.4,0.138
339.6,0.138
339.8,0.138
340.0,0.137
340.2,0.136
340.4,0.133
340.6,0.132
340.8,0.133
341.0,0.135
341.2,0.137
341.4,0.138
341.6,0.138
341.8,0.136
342.0,0.135
342.2,0.134
342.4,0.134
342.6,0.135
342.8,0.138
343.0,0.14
343.2,0.144
343.4,0.145
343.6,0.146
343.8,0.145
344.0,0.143
344.2,0.142
344.4,0.142
344.6,0.141
344.8,0.139
345.0,0.139
345.2,0.141
345.4,0.142
345.6,0.145
345.8,0.147
346.0,0.149
346.2,0.149
346.4,0.15
346.6,0.15
346.8,0.152
347.0,0.153
347.2,0.154
347.4,0.155
347.6,0.156
347.8,0.155
348.0,0.153
348.2,0.151
348.4,0.149
348.6,0.149
348.8,0.151
349.0,0.152
349.2,0.153
349.4,0.153
349.6,0.152
349.8,0.151
350.0,0.151
350.2,0.151
350.4,0.153
350.6,0.154
350.8,0.154
351.0,0.154
351.2,0.156
351.4,0.156
351.6,0.156
351.8,0.157
352.0,0.158
352.2,0.156
352.4,0.155
352.6,0.156
352.8,0.156
353.0,0.157
353.2,0.16
353.4,0.165
353.6,0.165
353.8,0.164
354.0,0.162
354.2,0.161
354.4,0.157
354.6,0.156
354.8,0.156
355.0,0.157
355.2,0.156
355.4,0.155
355.6,0.153
355.8,0.152
356.0,0.15
356.2,0.151
356.4,0.152
356.6,0.155
356.8,0.158
357.0,0.161
357.2,0.163
357.4,0.165
357.6,0.164
357.8,0.164
358.0,0.162
358.2,0.161
358.4,0.162
358.6,0.165
358.8,0.167
359.0,0.17
359.2,0.171
359.4,0.169
359.6,0.168
359.8,0.166
360.0,0.166
360.2,0.166
360.4,0.167
360.6,0.168
360.8,0.168
361.0,0.168
361.2,0.168
361.4,0.17
361.6,0.171
361.8,0.17
362.0,0.17
362.2,0.171
362.4,0.173
362.6,0.174
362.8,0.177
363.0,0.177
363.2,0.175
363.4,0.172
363.6,0.17
363.8,0.167
364.0,0.165
364.2,0.163
364.4,0.163
364.6,0.163
364.8,0.163
365.0,0.163
365.2,0.165
365.4,0.166
365.6,0.166
365.8,0.168
366.0,0.17
366.2,0.169
366.4,0.167
366.6,0.167
366.8,0.169
367.0,0.169
367.2,0.17
367.4,0.171
367.6,0.172
367.8,0.17
368.0,0.172
368.2,0.174
368.4,0.176
368.6,0.176
368.8,0.176
369.0,0.173
369.2,0.171
369.4,0.169
369.6,0.168
369.8,0.166
370.0,0.165
370.2,0.165
370.4,0.164
370.6,0.161
370.8,0.159
371.0,0.155
371.2,0.152
371.4,0.149
371.6,0.149
371.8,0.15
372.0,0.153
372.2,0.154
372.4,0.153
372.6,0.149
372.8,0.146
373.0,0.144
373.2,0.144
373.4,0.145
373.6,0.147
373.8,0.149
374.0,0.15
374.2,0.151
374.4,0.151
374.6,0.15
374.8,0.149
375.0,0.148
375.2,0.147
375.4,0.145
375.6,0.145
375.8,0.146
376.0,0.147
376.2,0.15
376.4,0.153
376.6,0.155
376.8,0.156
377.0,0.157
377.2,0.157
377.4,0.157
377.6,0.156
377.8,0.155
378.0,0.154
378.2,0.151
378.4,0.149
378.6,0.146
378.8,0.144
379.0,0.143
379.2,0.147
379.4,0.151
379.6,0.156
379.8,0.16
380.0,0.16
380.2,0.158
380.4,0.157
380.6,0.157
380.8,0.158
381.0,0.159
381.2,0.161
381.4,0.16
381.6,0.161
381.8,0.161
382.0,0.162
382.2,0.163
382.4,0.166
382.6,0.166
382.8,0.166
383.0,0.167
383.2,0.167
383.4,0.164
383.6,0.163
383.8,0.162
384.0,0.161
384.2,0.159
384.4,0.157
384.6,0.157
384.8,0.158
385.0,0.159
385.2,0.16
385.4,0.16
385.6,0.16
385.8,0.161
386.0,0.161
386.2,0.163
386.4,0.165
386.6,0.166
386.8,0.163
387.0,0.16
387.2,0.159
387.4,0.158
387.6,0.158
387.8,0.158
388.0,0.157
388.2,0.156
388.4,0.157
388.6,0.158
388.8,0.159
389.0,0.161
389.2,0.16
389.4,0.159
389.6,0.157
389.8,0.156
390.0,0.156
390.2,0.157
390.4,0.159
390.6,0.161
390.8,0.163
391.0,0.163
391.2,0.163
391.4,0.163
391.6,0.163
391.8,0.165
392.0,0.166
392.2,0.166
392.4,0.164
392.6,0.163
392.8,0.16
393.0,0.158
393.2,0.158
393.4,0.159
393.6,0.16
393.8,0.161
394.0,0.162
394.2,0.162
394.4,0.163
394.6,0.163
394.8,0.162
395.0,0.16
395.2,0.158
395.4,0.158
395.6,0.159
395.8,0.16
396.0,0.161
396.2,0.164
396.4,0.164
396.6,0.166
396.8,0.168
397.0,0.17
397.2,0.168
397.4,0.166
397.6,0.164
397.8,0.163
398.0,0.163
398.2,0.166
398.4,0.168
398.6,0.17
398.8,0.17
399.0,0.167
399.2,0.165
399.4,0.164
399.6,0.163
399.8,0.162
400.0,0.164
400.2,0.167
400.4,0.166
400.6,0.165
400.8,0.163
401.0,0.161
401.2,0.158
401.4,0.156
401.6,0.158
401.8,0.158
402.0,0.159
402.2,0.159
402.4,0.162
402.6,0.161
402.8,0.161
403.0,0.161
403.2,0.163
403.4,0.164
403.6,0.165
403.8,0.165
404.0,0.165
404.2,0.162
404.4,0.162
404.6,0.163
404.8,0.166
405.0,0.169
405.2,0.17
405.4,0.17
405.6,0.17
405.8,0.17
406.0,0.168
406.2,0.167
406.4,0.166
406.6,0.166
406.8,0.167
407.0,0.168
407.2,0.169
407.4,0.17
407.6,0.169
407.8,0.171
408.0,0.173
408.2,0.173
408.4,0.173
408.6,0.172
408.8,0.169
409.0,0.17
409.2,0.172
409.4,0.175
409.6,0.178
409.8,0.178
410.0,0.177
410.2,0.174
410.4,0.174
410.6,0.172
410.8,0.17
411.0,0.17
411.2,0.171
411.4,0.168
411.6,0.166
411.8,0.163
412.0,0.16
412.2,0.159
412.4,0.159
412.6,0.163
412.8,0.168
413.0,0.172
413.2,0.174
413.4,0.176
413.6,0.175
413.8,0.174
414.0,0.174
414.2,0.174
414.4,0.174
414.6,0.175
414.8,0.176
415.0,0.174
415.2,0.174
415.4,0.173
415.6,0.173
415.8,0.173
416.0,0.173
416.2,0.173
416.4,0.174
416.6,0.175
416.8,0.176
417.0,0.177
417.2,0.176
417.4,0.173
417.6,0.172
417.8,0.171
418.0,0.172
418.2,0.176
418.4,0.179
418.6,0.18
418.8,0.181
419.0,0.181
419.2,0.181
419.4,0.181
419.6,0.181
419.8,0.18
420.0,0.177
420.2,0.174
420.4,0.173
420.6,0.173
420.8,0.173
421.0,0.175
421.2,0.177
421.4,0.177
421.6,0.176
421.8,0.173
422.0,0.171
422.2,0.169
422.4,0.17
422.6,0.171
422.8,0.171
423.0,0.172
423.2,0.173
423.4,0.173
423.6,0.173
423.8,0.174
424.0,0.176
424.2,0.173
424.4,0.173
424.6,0.173
424.8,0.174
425.0,0.174
425.2,0.177
425.4,0.175
425.6,0.174
425.8,0.173
426.0,0.172
426.2,0.172
426.4,0.175
426.6,0.176
426.8,0.176
427.0,0.176
427.2,0.173
427.4,0.171
427.6,0.171
427.8,0.172
428.0,0.173
428.2,0.175
428.4,0.177
428.6,0.176
428.8,0.175
429.0,0.172
429.2,0.169
429.4,0.169
429.6,0.171
429.8,0.173
430.0,0.175
430.2,0.177
430.4,0.177
430.6,0.177
430.8,0.176
431.0,0.176
431.2,0.177
431.4,0.177
431.6,0.176
431.8,0.177
432.0,0.177
432.2,0.176
432.4,0.177
432.6,0.177
432.8,0.177
433.0,0.177
433.2,0.176
433.4,0.174
433.6,0.172
433.8,0.17
434.0,0.169
434.2,0.172
434.4,0.172
434.6,0.173
434.8,0.174
435.0,0.174
435.2,0.173
435.4,0.175
435.6,0.177
435.8,0.179
436.0,0.179
436.2,0.179
436.4,0.181
436.6,0.181
436.8,0.18
437.0,0.181
437.2,0.182
437.4,0.18
437.6,0.178
437.8,0.177
438.0,0.176
438.2,0.174
438.4,0.172
438.6,0.172
438.8,0.17
439.0,0.167
439.2,0.168
439.4,0.17
439.6,0.172
439.8,0.175
440.0,0.176
440.2,0.177
440.4,0.178
440.6,0.176
440.8,0.176
441.0,0.177
441.2,0.176
441.4,0.174
441.6,0.174
441.8,0.175
442.0,0.174
442.2,0.173
442.4,0.173
442.6,0.172
442.8,0.17
443.0,0.169
443.2,0.17
443.4,0.173
443.6,0.177
443.8,0.181
444.0,0.183
444.2,0.185
444.4,0.187
444.6,0.187
444.8,0.185
445.0,0.186
445.2,0.184
445.4,0.181
445.6,0.177
445.8,0.178
446.0,0.176
446.2,0.175
446.4,0.175
446.6,0.175
446.8,0.175
447.0,0.174
447.2,0.176
447.4,0.178
447.6,0.179
447.8,0.179
448.0,0.181
448.2,0.179
448.4,0.179
448.6,0.182
448.8,0.183
449.0,0.186
449.2,0.188
449.4,0.189
449.6,0.188
449.8,0.188
450.0,0.187
450.2,0.185
450.4,0.183
450.6,0.182
450.8,0.18
451.0,0.178
451.2,0.177
451.4,0.175
451.6,0.174
451.8,0.176
452.0,0.178
452.2,0.177
452.4,0.179
452.6,0.181
452.8,0.182
453.0,0.184
453.2,0.186
453.4,0.186
453.6,0.185
453.8,0.183
454.0,0.181
454.2,0.182
454.4,0.183
454.6,0.182
454.8,0.18
455.0,0.178
455.2,0.177
455.4,0.175
455.6,0.176
455.8,0.178
456.0,0.18
456.2,0.182
456.4,0.184
456.6,0.186
456.8,0.185
457.0,0.184
457.2,0.182
457.4,0.181
457.6,0.181
457.8,0.183
458.0,0.185
458.2,0.188
458.4,0.19
458.6,0.19
458.8,0.187
459.0,0.185
459.2,0.185
459.4,0.182
459.6,0.182
459.8,0.182
460.0,0.182
460.2,0.179
460.4,0.181
460.6,0.182
460.8,0.184
461.0,0.184
461.2,0.187
461.4,0.186
461.6,0.185
461.8,0.182
462.0,0.182
462.2,0.18
462.4,0.181
462.6,0.182
462.8,0.185
463.0,0.187
463.2,0.187
463.4,0.186
463.6,0.185
463.8,0.184
464.0,0.183
464.2,0.183
464.4,0.183
464.6,0.181
464.8,0.18
465.0,0.178
465.2,0.177
465.4,0.175
465.6,0.177
465.8,0.179
466.0,0.181
466.2,0.182
466.4,0.182
466.6,0.183
466.8,0.184
467.0,0.184
467.2,0.186
467.4,0.187
467.6,0.185
467.8,0.184
468.0,0.183
468.2,0.182
468.4,0.181
468.6,0.181
468.8,0.182
469.0,0.184
469.2,0.184
469.4,0.184
469.6,0.185
469.8,0.186
470.0,0.188
470.2,0.19
470.4,0.192
470.6,0.191
470.8,0.187
471.0,0.184
471.2,0.182
471.4,0.181
471.6,0.18
471.8,0.178
472.0,0.176
472.2,0.175
472.4,0.175
472.6,0.178
472.8,0.182
473.0,0.185
473.2,0.184
473.4,0.185
473.6,0.185
473.8,0.185
474.0,0.185
474.2,0.185
474.4,0.182
474.6,0.183
474.8,0.184
475.0,0.186
475.2,0.188
475.4,0.192
475.6,0.192
475.8,0.191
476.0,0.188
476.2,0.186
476.4,0.186
476.6,0.186
476.8,0.186
477.0,0.185
477.2,0.186
477.4,0.186
477.6,0.185
477.8,0.185
478.0,0.187
478.2,0.188
478.4,0.186
478.6,0.185
478.8,0.183
479.0,0.181
479.2,0.179
479.4,0.179
479.6,0.179
479.8,0.18
480.0,0.18
480.2,0.181
480.4,0.18
480.6,0.181
480.8,0.182
481.0,0.181
481.2,0.181
481.4,0.18
481.6,0.18
481.8,0.179
482.0,0.18
482.2,0.181
482.4,0.184
482.6,0.185
482.8,0.187
483.0,0.188
483.2,0.188
483.4,0.185
483.6,0.183
483.8,0.181
484.0,0.179
484.2,0.177
484.4,0.175
484.6,0.176
484.8,0.178
485.0,0.18
485.2,0.184
485.4,0.187
485.6,0.187
485.8,0.185
486.0,0.183
486.2,0.182
486.4,0.181
486.6,0.182
486.8,0.185
487.0,0.188
487.2,0.188
487.4,0.189
487.6,0.188
487.8,0.186
488.0,0.185
488.2,0.184
488.4,0.182
488.6,0.181
488.8,0.181
489.0,0.182
489.2,0.184
489.4,0.185
489.6,0.188
489.8,0.189
490.0,0.187
490.2,0.185
490.4,0.185
490.6,0.184
490.8,0.184
491.0,0.185
491.2,0.186
491.4,0.186
491.6,0.186
491.8,0.186
492.0,0.187
492.2,0.189
492.4,0.19
492.6,0.189
492.8,0.189
493.0,0.188
493.2,0.187
493.4,0.185
493.6,0.185
493.8,0.185
494.0,0.186
494.2,0.186
494.4,0.188
494.6,0.19
494.8,0.192
495.0,0.19
495.2,0.187
495.4,0.186
495.6,0.184
495.8,0.182
496.0,0.183
496.2,0.184
496.4,0.183
496.6,0.18
496.8,0.178
497.0,0.176
497.2,0.175
497.4,0.176
497.6,0.18
497.8,0.184
498.0,0.188
498.2,0.191
498.4,0.19
498.6,0.188
498.8,0.186
499.0,0.182
499.2,0.179
499.4,0.178
499.6,0.177
499.8,0.178
500.0,0.178
500.2,0.179
500.4,0.179
500.6,0.18
500.8,0.18
501.0,0.18
501.2,0.18
501.4,0.181
501.6,0.183
501.8,0.183
502.0,0.184
502.2,0.184
502.4,0.185
502.6,0.184
502.8,0.184
503.0,0.185
503.2,0.185
503.4,0.184
503.6,0.182
503.8,0.181
504.0,0.178
504.2,0.176
504.4,0.176
504.6,0.178
504.8,0.18
505.0,0.183
505.2,0.186
505.4,0.186
505.6,0.187
505.8,0.188
506.0,0.188
506.2,0.187
506.4,0.188
506.6,0.188
506.8,0.187
507.0,0.187
507.2,0.188
507.4,0.189
507.6,0.19
507.8,0.191
508.0,0.19
508.2,0.187
508.4,0.187
508.6,0.185
508.8,0.183
509.0,0.183
509.2,0.183
509.4,0.183
509.6,0.182
509.8,0.179
510.0,0.178
510.2,0.18
510.4,0.183
510.6,0.185
510.8,0.189
511.0,0.189
511.2,0.189
511.4,0.187
511.6,0.186
511.8,0.186
512.0,0.186
512.2,0.186
512.4,0.186
512.6,0.189
512.8,0.191
513.0,0.193
513.2,0.192
513.4,0.191
513.6,0.187
513.8,0.184
514.0,0.184
514.2,0.183
514.4,0.181
514.6,0.182
514.8,0.186
515.0,0.189
515.2,0.192
515.4,0.194
515.6,0.192
515.8,0.19
516.0,0.188
516.2,0.185
516.4,0.184
516.6,0.188
516.8,0.188
517.0,0.187
517.2,0.187
517.4,0.188
517.6,0.188
517.8,0.186
518.0,0.188
518.2,0.189
518.4,0.188
518.6,0.186
518.8,0.185
519.0,0.183
519.2,0.181
519.4,0.18
519.6,0.181
519.8,0.181
520.0,0.181
520.2,0.182
520.4,0.182
520.6,0.182
520.8,0.184
521.0,0.185
521.2,0.186
521.4,0.185
521.6,0.183
521.8,0.18
522.0,0.178
522.2,0.18
522.4,0.184
522.6,0.188
522.8,0.19
523.0,0.193
523.2,0.192
523.4,0.191
523.6,0.19
523.8,0.19
524.0,0.189
524.2,0.189
524.4,0.189
524.6,0.189
524.8,0.188
525.0,0.187
525.2,0.187
525.4,0.186
525.6,0.186
525.8,0.187
526.0,0.187
526.2,0.186
526.4,0.186
526.6,0.186
526.8,0.185
527.0,0.185
527.2,0.188
527.4,0.19
527.6,0.191
527.8,0.194
528.0,0.195
528.2,0.194
528.4,0.193
528.6,0.192
528.8,0.19
529.0,0.188
529.2,0.189
529.4,0.19
529.6,0.19
529.8,0.19
530.0,0.19
530.2,0.188
530.4,0.187
530.6,0.188
530.8,0.189
531.0,0.19
531.2,0.191
531.4,0.192
531.6,0.192
531.8,0.193
532.0,0.194
532.2,0.194
532.4,0.194
532.6,0.194
532.8,0.193
533.0,0.195
533.2,0.194
533.4,0.191
533.6,0.189
533.8,0.186
534.0,0.183
534.2,0.182
534.4,0.185
534.6,0.188
534.8,0.19
535.0,0.19
535.2,0.191
535.4,0.191
535.6,0.19
535.8,0.191
536.0,0.193
536.2,0.194
536.4,0.195
536.6,0.193
536.8,0.19
537.0,0.188
537.2,0.188
537.4,0.188
537.6,0.189
537.8,0.19
538.0,0.19
538.2,0.188
538.4,0.185
538.6,0.184
538.8,0.185
539.0,0.187
539.2,0.188
539.4,0.189
539.6,0.189
539.8,0.19
540.0,0.189
540.2,0.189
540.4,0.191
540.6,0.193
540.8,0.192
541.0,0.191
541.2,0.191
541.4,0.191
541.6,0.19
541.8,0.189
542.0,0.187
542.2,0.184
542.4,0.181
542.6,0.18
542.8,0.179
543.0,0.181
543.2,0.181
543.4,0.182
543.6,0.183
543.8,0.184
544.0,0.184
544.2,0.185
544.4,0.185
544.6,0.185
544.8,0.185
545.0,0.186
545.2,0.187
545.4,0.188
545.6,0.19
545.8,0.19
546.0,0.188
546.2,0.188
546.4,0.186
546.6,0.185
546.8,0.184
547.0,0.185
547.2,0.188
547.4,0.192
547.6,0.194
547.8,0.195
548.0,0.193
548.2,0.189
548.4,0.184
548.6,0.182
548.8,0.182
549.0,0.184
549.2,0.186
549.4,0.187
549.6,0.187
549.8,0.185
550.0,0.182
550.2,0.181
550.4,0.181
550.6,0.182
550.8,0.183
551.0,0.185
551.2,0.189
551.4,0.191
551.6,0.192
551.8,0.192
552.0,0.191
552.2,0.19
552.4,0.189
552.6,0.189
552.8,0.191
553.0,0.193
553.2,0.194
553.4,0.194
553.6,0.194
553.8,0.194
554.0,0.193
554.2,0.191
554.4,0.192
554.6,0.192
554.8,0.193
555.0,0.192
555.2,0.193
555.4,0.191
555.6,0.192
555.8,0.191
556.0,0.19
556.2,0.191
556.4,0.192
556.6,0.19
556.8,0.189
557.0,0.189
557.2,0.188
557.4,0.188
557.6,0.191
557.8,0.193
558.0,0.192
558.2,0.191
558.4,0.188
558.6,0.186
558.8,0.185
559.0,0.186
559.2,0.189
559.4,0.192
559.6,0.191
559.8,0.19
560.0,0.189
560.2,0.187
560.4,0.186
560.6,0.188
560.8,0.19
561.0,0.192
561.2,0.193
561.4,0.191
561.6,0.19
561.8,0.188
562.0,0.186
562.2,0.183
562.4,0.182
562.6,0.181
562.8,0.178
563.0,0.176
563.2,0.176
563.4,0.177
563.6,0.18
563.8,0.185
564.0,0.19
564.2,0.195
564.4,0.197
564.6,0.198
564.8,0.195
565.0,0.194
565.2,0.194
565.4,0.193
565.6,0.193
565.8,0.193
566.0,0.191
566.2,0.187
566.4,0.187
566.6,0.186
566.8,0.187
567.0,0.187
567.2,0.188
567.4,0.188
567.6,0.188
567.8,0.188
568.0,0.187
568.2,0.185
568.4,0.185
568.6,0.183
568.8,0.18
569.0,0.181
569.2,0.18
569.4,0.179
569.6,0.179
569.8,0.182
570.0,0.181
570.2,0.183
570.4,0.186
570.6,0.187
570.8,0.188
571.0,0.19
571.2,0.191
571.4,0.192
571.6,0.191
571.8,0.191
572.0,0.192
572.2,0.194
572.4,0.193
572.6,0.191
572.8,0.189
573.0,0.186
573.2,0.185
573.4,0.186
573.6,0.189
573.8,0.19
574.0,0.19
574.2,0.189
574.4,0.187
574.6,0.186
574.8,0.186
575.0,0.187
575.2,0.187
575.4,0.188
575.6,0.188
575.8,0.189
576.0,0.189
576.2,0.189
576.4,0.189
576.6,0.19
576.8,0.188
577.0,0.188
577.2,0.189
577.4,0.19
577.6,0.191
577.8,0.192
578.0,0.191
578.2,0.187
578.4,0.185
578.6,0.182
578.8,0.181
579.0,0.181
579.2,0.185
579.4,0.189
579.6,0.192
579.8,0.193
580.0,0.194
580.2,0.194
580.4,0.192
580.6,0.19
580.8,0.189
581.0,0.189
581.2,0.188
581.4,0.188
581.6,0.188
581.8,0.19
582.0,0.191
582.2,0.191
582.4,0.192
582.6,0.19
582.8,0.187
583.0,0.184
583.2,0.182
583.4,0.181
583.6,0.183
583.8,0.184
584.0,0.188
584.2,0.19
584.4,0.19
584.6,0.191
584.8,0.191
585.0,0.19
585.2,0.189
585.4,0.188
585.6,0.186
585.8,0.185
586.0,0.185
586.2,0.186
586.4,0.188
586.6,0.19
586.8,0.192
587.0,0.193
587.2,0.193
587.4,0.191
587.6,0.191
587.8,0.191
588.0,0.191
588.2,0.19
588.4,0.192
588.6,0.191
588.8,0.189
589.0,0.188
589.2,0.188
589.4,0.187
589.6,0.186
589.8,0.186
590.0,0.186
590.2,0.185
590.4,0.183
590.6,0.184
590.8,0.187
591.0,0.188
591.2,0.19
591.4,0.193
591.6,0.193
591.8,0.191
592.0,0.188
592.2,0.186
592.4,0.185
592.6,0.184
592.8,0.185
593.0,0.188
593.2,0.188
593.4,0.187
593.6,0.188
593.8,0.189
594.0,0.189
594.2,0.19
594.4,0.192
594.6,0.192
594.8,0.191
595.0,0.191
595.2,0.189
595.4,0.188
595.6,0.188
595.8,0.189
596.0,0.189
596.2,0.189
596.4,0.189
596.6,0.189
596.8,0.188
597.0,0.189
597.2,0.19
597.4,0.19
597.6,0.188
597.8,0.185
598.0,0.181
598.2,0.181
598.4,0.182
