t,y
0.0,0.0
0.2,0.0
0.4,0.003
0.6,0.007
0.8,0.011
1.0,0.016
1.2,0.018
1.4,0.018
1.6,0.015
1.8,0.014
2.0,0.014
2.2,0.016
2.4,0.018
2.6,0.019
2.8,0.02
3.0,0.021
3.2,0.02
3.4,0.021
3.6,0.024
3.8,0.026
4.0,0.027
4.2,0.026
4.4,0.024
4.6,0.02
4.8,0.018
5.0,0.017
5.2,0.017
5.4,0.018
5.6,0.02
5.8,0.02
6.0,0.022
6.2,0.025
6.4,0.027
6.6,0.027
6.8,0.027
7.0,0.026
7.2,0.023
7.4,0.019
7.6,0.015
7.8,0.013
8.0,0.014
8.2,0.016
8.4,0.02
8.6,0.025
8.8,0.028
9.0,0.029
9.2,0.028
9.4,0.026
9.6,0.025
9.8,0.023
10.0,0.022
10.2,0.023
10.4,0.024
10.6,0.023
10.8,0.022
11.0,0.02
11.2,0.018
11.4,0.019
11.6,0.02
11.8,0.025
12.0,0.03
12.2,0.032
12.4,0.031
12.6,0.03
12.8,0.025
13.0,0.022
13.2,0.022
13.4,0.023
13.6,0.022
13.8,0.022
14.0,0.023
14.2,0.024
14.4,0.023
14.6,0.023
14.8,0.022
15.0,0.02
15.2,0.02
15.4,0.021
15.6,0.023
15.8,0.025
16.0,0.027
16.2,0.027
16.4,0.028
16.6,0.027
16.8,0.026
17.0,0.025
17.2,0.023
17.4,0.023
17.6,0.024
17.8,0.025
18.0,0.027
18.2,0.028
18.4,0.028
18.6,0.029
18.8,0.032
19.0,0.033
19.2,0.033
19.4,0.035
19.6,0.034
19.8,0.032
20.0,0.03
20.2,0.027
20.4,0.025
20.6,0.023
20.8,0.023
21.0,0.024
21.2,0.023
21.4,0.022
21.6,0.02
21.8,0.018
22.0,0.017
22.2,0.02
22.4,0.024
22.6,0.028
22.8,0.027
23.0,0.028
23.2,0.028
23.4,0.027
23.6,0.026
23.8,0.029
24.0,0.03
24.2,0.03
24.4,0.03
24.6,0.029
24.8,0.026
25.0,0.023
25.2,0.021
25.4,0.02
25.6,0.023
25.8,0.026
26.0,0.027
26.2,0.027
26.4,0.029
26.6,0.028
26.8,0.028
27.0,0.026
27.2,0.026
27.4,0.024
27.6,0.023
27.8,0.022
28.0,0.023
28.2,0.025
28.4,0.027
28.6,0.028
28.8,0.029
29.0,0.029
29.2,0.029
29.4,0.028
29.6,0.026
29.8,0.026
30.0,0.025
30.2,0.026
30.4,0.028
30.6,0.031
30.8,0.031
31.0,0.033
31.2,0.033
31.4,0.033
31.6,0.033
31.8,0.035
32.0,0.035
32.2,0.033
32.4,0.033
32.6,0.03
32.8,0.027
33.0,0.024
33.2,0.023
33.4,0.021
33.6,0.023
33.8,0.022
34.0,0.024
34.2,0.025
34.4,0.026
34.6,0.028
34.8,0.029
35.0,0.028
35.2,0.026
35.4,0.022
35.6,0.019
35.8,0.022
36.0,0.023
36.2,0.024
36.4,0.026
36.6,0.028
36.8,0.026
37.0,0.028
37.2,0.03
37.4,0.031
37.6,0.028
37.8,0.026
38.0,0.024
38.2,0.021
38.4,0.02
38.6,0.023
38.8,0.023
39.0,0.025
39.2,0.028
39.4,0.029
39.6,0.029
39.8,0.028
40.0,0.027
40.2,0.026
40.4,0.026
40.6,0.024
40.8,0.026
41.0,0.027
41.2,0.027
41.4,0.027
41.6,0.026
41.8,0.026
42.0,0.025
42.2,0.026
42.4,0.026
42.6,0.027
42.8,0.027
43.0,0.025
43.2,0.023
43.4,0.021
43.6,0.018
43.8,0.018
44.0,0.017
44.2,0.018
44.4,0.021
44.6,0.024
44.8,0.026
45.0,0.028
45.2,0.029
45.4,0.026
45.6,0.023
45.8,0.021
46.0,0.021
46.2,0.022
46.4,0.026
46.6,0.029
46.8,0.029
47.0,0.027
47.2,0.027
47.4,0.025
47.6,0.023
47.8,0.025
48.0,0.026
48.2,0.028
48.4,0.03
48.6,0.033
48.8,0.032
49.0,0.033
49.2,0.032
49.4,0.034
49.6,0.033
49.8,0.032
50.0,0.032
50.2,0.031
50.4,0.029
50.6,0.029
50.8,0.03
51.0,0.03
51.2,0.03
51.4,0.029
51.6,0.027
51.8,0.024
52.0,0.022
52.2,0.022
52.4,0.024
52.6,0.027
52.8,0.03
53.0,0.031
53.2,0.031
53.4,0.029
53.6,0.026
53.8,0.025
54.0,0.025
54.2,0.026
54.4,0.028
54.6,0.029
54.8,0.031
55.0,0.031
55.2,0.029
55.4,0.029
55.6,0.029
55.8,0.027
56.0,0.026
56.2,0.026
56.4,0.028
56.6,0.027
56.8,0.028
57.0,0.028
57.2,0.028
57.4,0.024
57.6,0.023
57.8,0.023
58.0,0.026
58.2,0.027
58.4,0.03
58.6,0.031
58.8,0.031
59.0,0.03
59.2,0.029
59.4,0.026
59.6,0.025
59.8,0.024
60.0,0.024
60.2,0.024
60.4,0.027
60.6,0.029
60.8,0.031
61.0,0.03
61.2,0.03
61.4,0.029
61.6,0.027
61.8,0.024
62.0,0.024
62.2,0.026
62.4,0.028
62.6,0.03
62.8,0.033
63.0,0.036
63.2,0.037
63.4,0.038
63.6,0.039
63.8,0.04
64.0,0.038
64.2,0.035
64.4,0.034
64.6,0.032
64.8,0.03
65.0,0.029
65.2,0.029
65.4,0.028
65.6,0.027
65.8,0.028
66.0,0.029
66.2,0.03
66.4,0.031
66.6,0.031
66.8,0.031
67.0,0.029
67.2,0.028
67.4,0.024
67.6,0.023
67.8,0.021
68.0,0.02
68.2,0.022
68.4,0.026
68.6,0.028
68.8,0.03
69.0,0.03
69.2,0.027
69.4,0.026
69.6,0.026
69.8,0.025
70.0,0.025
70.2,0.027
70.4,0.027
70.6,0.028
70.8,0.029
71.0,0.028
71.2,0.027
71.4,0.025
71.6,0.024
71.8,0.025
72.0,0.026
72.2,0.027
72.4,0.026
72.6,0.026
72.8,0.024
73.0,0.024
73.2,0.023
73.4,0.024
73.6,0.025
73.8,0.026
74.0,0.026
74.2,0.029
74.4,0.033
74.6,0.034
74.8,0.033
75.0,0.033
75.2,0.034
75.4,0.034
75.6,0.033
75.8,0.035
76.0,0.035
76.2,0.033
76.4,0.03
76.6,0.027
76.8,0.026
77.0,0.025
77.2,0.026
77.4,0.028
77.6,0.031
77.8,0.031
78.0,0.029
78.2,0.027
78.4,0.026
78.6,0.026
78.8,0.026
79.0,0.028
79.2,0.03
79.4,0.029
79.6,0.029
79.8,0.029
80.0,0.029
80.2,0.029
80.4,0.03
80.6,0.031
80.8,0.032
81.0,0.033
81.2,0.032
81.4,0.034
81.6,0.037
81.8,0.037
82.0,0.036
82.2,0.036
82.4,0.035
82.6,0.033
82.8,0.032
83.0,0.034
83.2,0.036
83.4,0.035
83.6,0.032
83.8,0.03
84.0,0.028
84.2,0.026
84.4,0.026
84.6,0.027
84.8,0.027
85.0,0.027
85.2,0.027
85.4,0.028
85.6,0.03
85.8,0.033
86.0,0.034
86.2,0.036
86.4,0.038
86.6,0.037
86.8,0.036
87.0,0.036
87.2,0.034
87.4,0.033
87.6,0.032
87.8,0.034
88.0,0.034
88.2,0.036
88.4,0.037
88.6,0.038
88.8,0.039
89.0,0.041
89.2,0.041
89.4,0.039
89.6,0.036
89.8,0.033
90.0,0.031
90.2,0.03
90.4,0.03
90.6,0.033
90.8,0.034
91.0,0.035
91.2,0.033
91.4,0.033
91.6,0.032
91.8,0.031
92.0,0.03
92.2,0.03
92.4,0.03
92.6,0.028
92.8,0.027
93.0,0.026
93.2,0.026
93.4,0.029
93.6,0.033
93.8,0.035
94.0,0.037
94.2,0.036
94.4,0.034
94.6,0.031
94.8,0.028
95.0,0.027
95.2,0.027
95.4,0.027
95.6,0.027
95.8,0.028
96.0,0.029
96.2,0.032
96.4,0.036
96.6,0.04
96.8,0.043
97.0,0.044
97.2,0.044
97.4,0.04
97.6,0.037
97.8,0.036
98.0,0.036
98.2,0.039
98.4,0.041
98.6,0.039
98.8,0.038
99.0,0.036
99.2,0.034
99.4,0.032
99.6,0.035
99.8,0.036
100.0,0.035
100.2,0.033
100.4,0.032
100.6,0.031
100.8,0.032
101.0,0.032
101.2,0.031
101.4,0.032
101.6,0.03
101.8,0.026
102.0,0.024
102.2,0.026
102.4,0.028
102.6,0.031
102.8,0.035
103.0,0.038
103.2,0.039
103.4,0.038
103.6,0.035
103.8,0.033
104.0,0.029
104.2,0.027
104.4,0.024
104.6,0.022
104.8,0.022
105.0,0.023
105.2,0.026
105.4,0.03
105.6,0.034
105.8,0.036
106.0,0.034
106.2,0.031
106.4,0.028
106.6,0.025
106.8,0.025
107.0,0.028
107.2,0.029
107.4,0.03
107.6,0.031
107.8,0.032
108.0,0.032
108.2,0.032
108.4,0.035
108.6,0.034
108.8,0.034
109.0,0.034
109.2,0.034
109.4,0.032
109.6,0.034
109.8,0.036
110.0,0.038
110.2,0.037
110.4,0.038
110.6,0.037
110.8,0.036
111.0,0.034
111.2,0.035
111.4,0.034
111.6,0.034
111.8,0.033
112.0,0.033
112.2,0.032
112.4,0.033
112.6,0.033
112.8,0.035
113.0,0.037
113.2,0.038
113.4,0.037
113.6,0.035
113.8,0.034
114.0,0.033
114.2,0.034
114.4,0.035
114.6,0.036
114.8,0.038
115.0,0.041
115.2,0.043
115.4,0.047
115.6,0.05
115.8,0.051
116.0,0.048
116.2,0.046
116.4,0.044
116.6,0.042
116.8,0.039
117.0,0.039
117.2,0.035
117.4,0.033
117.6,0.03
117.8,0.031
118.0,0.03
118.2,0.029
118.4,0.029
118.6,0.028
118.8,0.025
119.0,0.026
119.2,0.029
119.4,0.03
119.6,0.033
119.8,0.035
120.0,0.033
120.2,0.032
120.4,0.032
120.6,0.031
120.8,0.029
121.0,0.03
121.2,0.03
121.4,0.031
121.6,0.033
121.8,0.035
122.0,0.036
122.2,0.037
122.4,0.034
122.6,0.032
122.8,0.033
123.0,0.035
123.2,0.037
123.4,0.037
123.6,0.036
123.8,0.033
124.0,0.03
124.2,0.028
124.4,0.028
124.6,0.032
124.8,0.036
125.0,0.039
125.2,0.039
125.4,0.039
125.6,0.039
125.8,0.039
126.0,0.039
126.2,0.039
126.4,0.037
126.6,0.035
126.8,0.032
127.0,0.032
127.2,0.03
127.4,0.032
127.6,0.032
127.8,0.033
128.0,0.033
128.2,0.035
128.4,0.034
128.6,0.034
128.8,0.034
129.0,0.035
129.2,0.035
129.4,0.036
129.6,0.034
129.8,0.033
130.0,0.033
130.2,0.034
130.4,0.035
130.6,0.037
130.8,0.037
131.0,0.036
131.2,0.034
131.4,0.034
131.6,0.034
131.8,0.034
132.0,0.033
132.2,0.032
132.4,0.032
132.6,0.033
132.8,0.035
133.0,0.036
133.2,0.038
133.4,0.038
133.6,0.038
133.8,0.037
134.0,0.036
134.2,0.035
134.4,0.034
134.6,0.034
134.8,0.034
135.0,0.035
135.2,0.036
135.4,0.035
135.6,0.033
135.8,0.033
136.0,0.032
136.2,0.035
136.4,0.038
136.6,0.04
136.8,0.04
137.0,0.041
137.2,0.039
137.4,0.038
137.6,0.038
137.8,0.039
138.0,0.038
138.2,0.041
138.4,0.042
138.6,0.041
138.8,0.04
139.0,0.04
139.2,0.039
139.4,0.038
139.6,0.039
139.8,0.04
140.0,0.042
140.2,0.042
140.4,0.043
140.6,0.041
140.8,0.041
141.0,0.039
141.2,0.037
141.4,0.036
141.6,0.036
141.8,0.036
142.0,0.037
142.2,0.039
142.4,0.04
142.6,0.04
142.8,0.038
143.0,0.039
143.2,0.04
143.4,0.04
143.6,0.039
143.8,0.038
144.0,0.037
144.2,0.036
144.4,0.036
144.6,0.037
144.8,0.038
145.0,0.039
145.2,0.039
145.4,0.038
145.6,0.038
145.8,0.038
146.0,0.04
146.2,0.043
146.4,0.044
146.6,0.044
146.8,0.043
147.0,0.042
147.2,0.042
147.4,0.042
147.6,0.044
147.8,0.042
148.0,0.041
148.2,0.039
148.4,0.04
148.6,0.038
148.8,0.04
149.0,0.04
149.2,0.039
149.4,0.036
149.6,0.038
149.8,0.038
150.0,0.04
150.2,0.041
150.4,0.041
150.6,0.038
150.8,0.035
151.0,0.036
151.2,0.038
151.4,0.041
151.6,0.044
151.8,0.048
152.0,0.049
152.2,0.048
152.4,0.047
152.6,0.047
152.8,0.044
153.0,0.043
153.2,0.041
153.4,0.042
153.6,0.041
153.8,0.042
154.0,0.042
154.2,0.043
154.4,0.044
154.6,0.045
154.8,0.045
155.0,0.047
155.2,0.049
155.4,0.048
155.6,0.047
155.8,0.046
156.0,0.042
156.2,0.042
156.4,0.042
156.6,0.041
156.8,0.041
157.0,0.042
157.2,0.04
157.4,0.04
157.6,0.044
157.8,0.046
158.0,0.047
158.2,0.048
158.4,0.049
158.6,0.048
158.8,0.046
159.0,0.044
159.2,0.044
159.4,0.042
159.6,0.041
159.8,0.04
160.0,0.04
160.2,0.038
160.4,0.036
160.6,0.035
160.8,0.035
161.0,0.037
161.2,0.037
161.4,0.039
161.6,0.041
161.8,0.042
162.0,0.043
162.2,0.042
162.4,0.041
162.6,0.041
162.8,0.043
163.0,0.044
163.2,0.045
163.4,0.047
163.6,0.047
163.8,0.046
164.0,0.044
164.2,0.042
164.4,0.039
164.6,0.036
164.8,0.035
165.0,0.035
165.2,0.037
165.4,0.041
165.6,0.045
165.8,0.046
166.0,0.045
166.2,0.043
166.4,0.041
166.6,0.038
166.8,0.037
167.0,0.038
167.2,0.04
167.4,0.041
167.6,0.041
167.8,0.039
168.0,0.038
168.2,0.035
168.4,0.032
168.6,0.033
168.8,0.036
169.0,0.039
169.2,0.042
169.4,0.042
169.6,0.042
169.8,0.041
170.0,0.04
170.2,0.04
170.4,0.043
170.6,0.042
170.8,0.039
171.0,0.036
171.2,0.032
171.4,0.03
171.6,0.031
171.8,0.035
172.0,0.039
172.2,0.043
172.4,0.044
172.6,0.046
172.8,0.047
173.0,0.047
173.2,0.047
173.4,0.049
173.6,0.05
173.8,0.049
174.0,0.051
174.2,0.054
174.4,0.054
174.6,0.053
174.8,0.052
175.0,0.049
175.2,0.045
175.4,0.039
175.6,0.036
175.8,0.034
176.0,0.032
176.2,0.033
176.4,0.036
176.6,0.04
176.8,0.04
177.0,0.041
177.2,0.04
177.4,0.038
177.6,0.039
177.8,0.04
178.0,0.039
178.2,0.04
178.4,0.042
178.6,0.043
178.8,0.043
179.0,0.043
179.2,0.043
179.4,0.04
179.6,0.037
179.8,0.035
180.0,0.035
180.2,0.036
180.4,0.037
180.6,0.036
180.8,0.038
181.0,0.037
181.2,0.034
181.4,0.031
181.6,0.031
181.8,0.029
182.0,0.031
182.2,0.034
182.4,0.035
182.6,0.035
182.8,0.035
183.0,0.033
183.2,0.031
183.4,0.034
183.6,0.038
183.8,0.039
184.0,0.041
184.2,0.04
184.4,0.038
184.6,0.036
184.8,0.037
185.0,0.038
185.2,0.038
185.4,0.039
185.6,0.039
185.8,0.039
186.0,0.04
186.2,0.042
186.4,0.043
186.6,0.043
186.8,0.043
187.0,0.042
187.2,0.041
187.4,0.041
187.6,0.041
187.8,0.041
188.0,0.043
188.2,0.045
188.4,0.046
188.6,0.048
188.8,0.048
189.0,0.046
189.2,0.045
189.4,0.044
189.6,0.044
189.8,0.045
190.0,0.045
190.2,0.045
190.4,0.043
190.6,0.041
190.8,0.041
191.0,0.043
191.2,0.044
191.4,0.044
191.6,0.044
191.8,0.04
192.0,0.039
192.2,0.039
192.4,0.038
192.6,0.04
192.8,0.043
193.0,0.041
193.2,0.04
193.4,0.041
193.6,0.041
193.8,0.038
194.0,0.039
194.2,0.039
194.4,0.04
194.6,0.04
194.8,0.043
195.0,0.046
195.2,0.049
195.4,0.052
195.6,0.052
195.8,0.05
196.0,0.05
196.2,0.048
196.4,0.044
196.6,0.042
196.8,0.043
197.0,0.043
197.2,0.043
197.4,0.043
197.6,0.045
197.8,0.043
198.0,0.04
198.2,0.036
198.4,0.033
198.6,0.032
198.8,0.034
199.0,0.037
199.2,0.04
199.4,0.042
199.6,0.042
199.8,0.041
200.0,0.042
200.2,0.045
200.4,0.047
200.6,0.048
200.8,0.049
201.0,0.048
201.2,0.045
201.4,0.044
201.6,0.045
201.8,0.047
202.0,0.047
202.2,0.048
202.4,0.048
202.6,0.047
202.8,0.046
203.0,0.046
203.2,0.045
203.4,0.043
203.6,0.041
203.8,0.04
204.0,0.04
204.2,0.04
204.4,0.04
204.6,0.041
204.8,0.041
205.0,0.039
205.2,0.039
205.4,0.04
205.6,0.042
205.8,0.038
206.0,0.037
206.2,0.039
206.4,0.042
206.6,0.045
206.8,0.05
207.0,0.052
207.2,0.052
207.4,0.048
207.6,0.046
207.8,0.044
208.0,0.044
208.2,0.044
208.4,0.044
208.6,0.044
208.8,0.047
209.0,0.047
209.2,0.047
209.4,0.048
209.6,0.048
209.8,0.045
210.0,0.044
210.2,0.045
210.4,0.044
210.6,0.045
210.8,0.046
211.0,0.047
211.2,0.045
211.4,0.046
211.6,0.044
211.8,0.041
212.0,0.038
212.2,0.036
212.4,0.033
212.6,0.03
212.8,0.032
213.0,0.034
213.2,0.038
213.4,0.042
213.6,0.045
213.8,0.043
214.0,0.043
214.2,0.042
214.4,0.042
214.6,0.045
214.8,0.048
215.0,0.049
215.2,0.048
215.4,0.048
215.6,0.048
215.8,0.048
216.0,0.049
216.2,0.05
216.4,0.05
216.6,0.048
216.8,0.048
217.0,0.047
217.2,0.046
217.4,0.043
217.6,0.042
217.8,0.042
218.0,0.041
218.2,0.041
218.4,0.044
218.6,0.047
218.8,0.047
219.0,0.047
219.2,0.048
219.4,0.046
219.6,0.044
219.8,0.043
220.0,0.041
220.2,0.042
220.4,0.041
220.6,0.042
220.8,0.042
221.0,0.046
221.2,0.046
221.4,0.047
221.6,0.045
221.8,0.045
222.0,0.043
222.2,0.043
222.4,0.042
222.6,0.042
222.8,0.042
223.0,0.04
223.2,0.041
223.4,0.044
223.6,0.044
223.8,0.045
224.0,0.047
224.2,0.046
224.4,0.045
224.6,0.044
224.8,0.044
225.0,0.044
225.2,0.044
225.4,0.045
225.6,0.045
225.8,0.046
226.0,0.046
226.2,0.048
226.4,0.047
226.6,0.046
226.8,0.045
227.0,0.046
227.2,0.045
227.4,0.045
227.6,0.045
227.8,0.044
228.0,0.043
228.2,0.041
228.4,0.041
228.6,0.041
228.8,0.043
229.0,0.043
229.2,0.045
229.4,0.045
229.6,0.045
229.8,0.043
230.0,0.044
230.2,0.045
230.4,0.046
230.6,0.048
230.8,0.052
231.0,0.052
231.2,0.051
231.4,0.05
231.6,0.048
231.8,0.045
232.0,0.044
232.2,0.043
232.4,0.043
232.6,0.042
232.8,0.045
233.0,0.048
233.2,0.05
233.4,0.052
233.6,0.053
233.8,0.052
234.0,0.051
234.2,0.048
234.4,0.045
234.6,0.042
234.8,0.039
235.0,0.035
235.2,0.033
235.4,0.032
235.6,0.032
235.8,0.034
236.0,0.035
236.2,0.037
236.4,0.038
236.6,0.037
236.8,0.036
237.0,0.036
237.2,0.038
237.4,0.043
237.6,0.046
237.8,0.05
238.0,0.051
238.2,0.05
238.4,0.048
238.6,0.047
238.8,0.044
239.0,0.042
239.2,0.041
239.4,0.042
239.6,0.044
239.8,0.05
240.0,0.055
240.2,0.059
240.4,0.059
240.6,0.057
240.8,0.052
241.0,0.048
241.2,0.045
241.4,0.044
241.6,0.046
241.8,0.049
242.0,0.05
242.2,0.052
242.4,0.053
242.6,0.053
242.8,0.053
243.0,0.054
243.2,0.054
243.4,0.054
243.6,0.053
243.8,0.051
244.0,0.049
244.2,0.048
244.4,0.047
244.6,0.047
244.8,0.049
245.0,0.051
245.2,0.05
245.4,0.048
245.6,0.045
245.8,0.042
246.0,0.04
246.2,0.039
246.4,0.04
246.6,0.042
246.8,0.044
247.0,0.047
247.2,0.05
247.4,0.051
247.6,0.054
247.8,0.053
248.0,0.052
248.2,0.05
248.4,0.048
248.6,0.044
248.8,0.042
249.0,0.04
249.2,0.039
249.4,0.039
249.6,0.042
249.8,0.044
250.0,0.045
250.2,0.046
250.4,0.045
250.6,0.045
250.8,0.046
251.0,0.048
251.2,0.049
251.4,0.051
251.6,0.051
251.8,0.05
252.0,0.051
252.2,0.051
252.4,0.05
252.6,0.049
252.8,0.049
253.0,0.047
253.2,0.049
253.4,0.05
253.6,0.048
253.8,0.046
254.0,0.042
254.2,0.038
254.4,0.037
254.6,0.039
254.8,0.039
255.0,0.04
255.2,0.039
255.4,0.037
255.6,0.034
255.8,0.033
256.0,0.037
256.2,0.04
256.4,0.042
256.6,0.044
256.8,0.044
257.0,0.042
257.2,0.04
257.4,0.038
257.6,0.039
257.8,0.04
258.0,0.041
258.2,0.041
258.4,0.04
258.6,0.038
258.8,0.037
259.0,0.034
259.2,0.037
259.4,0.04
259.6,0.041
259.8,0.042
260.0,0.043
260.2,0.043
260.4,0.042
260.6,0.043
260.8,0.046
261.0,0.047
261.2,0.045
261.4,0.045
261.6,0.041
261.8,0.038
262.0,0.036
262.2,0.037
262.4,0.037
262.6,0.039
262.8,0.04
263.0,0.04
263.2,0.041
263.4,0.043
263.6,0.044
263.8,0.045
264.0,0.047
264.2,0.048
264.4,0.048
264.6,0.048
264.8,0.048
265.0,0.048
265.2,0.048
265.4,0.05
265.6,0.052
265.8,0.053
266.0,0.052
266.2,0.051
266.4,0.048
266.6,0.046
266.8,0.047
267.0,0.045
267.2,0.046
267.4,0.047
267.6,0.048
267.8,0.048
268.0,0.048
268.2,0.048
268.4,0.047
268.6,0.046
268.8,0.047
269.0,0.047
269.2,0.047
269.4,0.047
269.6,0.048
269.8,0.046
270.0,0.048
270.2,0.047
270.4,0.049
270.6,0.049
270.8,0.049
271.0,0.047
271.2,0.048
271.4,0.048
271.6,0.047
271.8,0.049
272.0,0.05
272.2,0.05
272.4,0.049
272.6,0.049
272.8,0.049
273.0,0.051
273.2,0.052
273.4,0.052
273.6,0.051
273.8,0.05
274.0,0.05
274.2,0.05
274.4,0.051
274.6,0.053
274.8,0.054
275.0,0.052
275.2,0.051
275.4,0.05
275.6,0.048
275.8,0.047
276.0,0.047
276.2,0.046
276.4,0.046
276.6,0.045
276.8,0.043
277.0,0.041
277.2,0.041
277.4,0.041
277.6,0.041
277.8,0.042
278.0,0.044
278.2,0.044
278.4,0.045
278.6,0.046
278.8,0.047
279.0,0.047
279.2,0.048
279.4,0.046
279.6,0.046
279.8,0.045
280.0,0.043
280.2,0.041
280.4,0.041
280.6,0.043
280.8,0.045
281.0,0.048
281.2,0.051
281.4,0.053
281.6,0.051
281.8,0.05
282.0,0.048
282.2,0.048
282.4,0.047
282.6,0.048
282.8,0.048
283.0,0.048
283.2,0.046
283.4,0.046
283.6,0.048
283.8,0.049
284.0,0.048
284.2,0.051
284.4,0.052
284.6,0.051
284.8,0.05
285.0,0.048
285.2,0.048
285.4,0.047
285.6,0.047
285.8,0.048
286.0,0.05
286.2,0.049
286.4,0.05
286.6,0.052
286.8,0.054
287.0,0.057
287.2,0.058
287.4,0.055
287.6,0.051
287.8,0.048
288.0,0.045
288.2,0.044
288.4,0.043
288.6,0.045
288.8,0.046
289.0,0.047
289.2,0.046
289.4,0.045
289.6,0.045
289.8,0.046
290.0,0.045
290.2,0.045
290.4,0.045
290.6,0.047
290.8,0.05
291.0,0.054
291.2,0.056
291.4,0.06
291.6,0.064
291.8,0.066
292.0,0.067
292.2,0.065
292.4,0.063
292.6,0.058
292.8,0.056
293.0,0.054
293.2,0.054
293.4,0.056
293.6,0.058
293.8,0.059
294.0,0.06
294.2,0.061
294.4,0.061
294.6,0.063
294.8,0.065
295.0,0.066
295.2,0.064
295.4,0.063
295.6,0.062
295.8,0.058
296.0,0.055
296.2,0.057
296.4,0.058
296.6,0.058
296.8,0.059
297.0,0.06
297.2,0.059
297.4,0.057
297.6,0.057
297.8,0.055
298.0,0.055
298.2,0.056
298.4,0.056
298.6,0.057
298.8,0.059
299.0,0.059
299.2,0.058
299.4,0.057
299.6,0.058
299.8,0.058
300.0,0.058
300.2,0.057
300.4,0.058
300.6,0.057
300.8,0.056
301.0,0.056
301.2,0.056
301.4,0.055
301.6,0.054
301.8,0.053
302.0,0.053
302.2,0.053
302.4,0.056
302.6,0.058
302.8,0.06
303.0,0.061
303.2,0.062
303.4,0.063
303.6,0.062
303.8,0.062
304.0,0.064
304.2,0.064
304.4,0.065
304.6,0.065
304.8,0.064
305.0,0.062
305.2,0.063
305.4,0.063
305.6,0.062
305.8,0.06
306.0,0.059
306.2,0.058
306.4,0.056
306.6,0.056
306.8,0.058
307.0,0.059
307.2,0.061
307.4,0.062
307.6,0.064
307.8,0.066
308.0,0.068
308.2,0.067
308.4,0.066
308.6,0.064
308.8,0.064
309.0,0.063
309.2,0.064
309.4,0.066
309.6,0.065
309.8,0.061
310.0,0.057
310.2,0.058
310.4,0.056
310.6,0.057
310.8,0.06
311.0,0.062
311.2,0.06
311.4,0.06
311.6,0.061
311.8,0.06
312.0,0.058
312.2,0.057
312.4,0.056
312.6,0.056
312.8,0.058
313.0,0.057
313.2,0.058
313.4,0.058
313.6,0.062
313.8,0.063
314.0,0.065
314.2,0.065
314.4,0.066
314.6,0.064
314.8,0.062
315.0,0.061
315.2,0.06
315.4,0.061
315.6,0.06
315.8,0.059
316.0,0.059
316.2,0.06
316.4,0.06
316.6,0.059
316.8,0.06
317.0,0.059
317.2,0.057
317.4,0.055
317.6,0.053
317.8,0.052
318.0,0.052
318.2,0.055
318.4,0.058
318.6,0.059
318.8,0.059
319.0,0.057
319.2,0.056
319.4,0.053
319.6,0.052
319.8,0.051
320.0,0.05
320.2,0.048
320.4,0.049
320.6,0.051
320.8,0.051
321.0,0.054
321.2,0.057
321.4,0.059
321.6,0.061
321.8,0.063
322.0,0.065
322.2,0.063
322.4,0.063
322.6,0.061
322.8,0.061
323.0,0.061
323.2,0.061
323.4,0.059
323.6,0.058
323.8,0.055
324.0,0.055
324.2,0.055
324.4,0.058
324.6,0.06
324.8,0.06
325.0,0.061
325.2,0.063
325.4,0.06
325.6,0.056
325.8,0.054
326.0,0.053
326.2,0.05
326.4,0.052
326.6,0.055
326.8,0.056
327.0,0.056
327.2,0.055
327.4,0.054
327.6,0.051
327.8,0.05
328.0,0.049
328.2,0.051
328.4,0.053
328.6,0.056
328.8,0.056
329.0,0.055
329.2,0.055
329.4,0.054
329.6,0.055
329.8,0.056
330.0,0.059
330.2,0.058
330.4,0.056
330.6,0.054
330.8,0.052
331.0,0.051
331.2,0.05
331.4,0.05
331.6,0.05
331.8,0.049
332.0,0.049
332.2,0.049
332.4,0.049
332.6,0.05
332.8,0.052
333.0,0.052
333.2,0.052
333.4,0.053
333.6,0.054
333.8,0.053
334.0,0.052
334.2,0.052
334.4,0.05
334.6,0.05
334.8,0.052
335.0,0.053
335.2,0.053
335.4,0.054
335.6,0.055
335.8,0.056
336.0,0.057
336.2,0.058
336.4,0.059
336.6,0.056
336.8,0.051
337.0,0.048
337.2,0.049
337.4,0.051
337.6,0.056
337.8,0.058
338.0,0.059
338.2,0.057
338.4,0.054
338.6,0.051
338.8,0.051
339.0,0.051
339.2,0.052
339.4,0.053
339.6,0.053
339.8,0.053
340.0,0.051
340.2,0.05
340.4,0.051
340.6,0.053
340.8,0.054
341.0,0.057
341.2,0.059
341.4,0.057
341.6,0.053
341.8,0.052
342.0,0.053
342.2,0.053
342.4,0.054
342.6,0.057
342.8,0.059
343.0,0.062
343.2,0.065
343.4,0.067
343.6,0.068
343.8,0.066
344.0,0.062
344.2,0.057
344.4,0.055
344.6,0.055
344.8,0.056
345.0,0.056
345.2,0.059
345.4,0.06
345.6,0.059
345.8,0.057
346.0,0.056
346.2,0.056
346.4,0.056
346.6,0.055
346.8,0.054
347.0,0.055
347.2,0.057
347.4,0.057
347.6,0.058
347.8,0.058
348.0,0.058
348.2,0.056
348.4,0.053
348.6,0.051
348.8,0.052
349.0,0.05
349.2,0.051
349.4,0.052
349.6,0.052
349.8,0.052
350.0,0.051
350.2,0.051
350.4,0.05
350.6,0.049
350.8,0.051
351.0,0.054
351.2,0.053
351.4,0.054
351.6,0.056
351.8,0.058
352.0,0.057
352.2,0.058
352.4,0.058
352.6,0.057
352.8,0.056
353.0,0.056
353.2,0.057
353.4,0.057
353.6,0.058
353.8,0.057
354.0,0.057
354.2,0.057
354.4,0.057
354.6,0.057
354.8,0.056
355.0,0.053
355.2,0.052
355.4,0.053
355.6,0.054
355.8,0.056
356.0,0.059
356.2,0.059
356.4,0.056
356.6,0.053
356.8,0.053
357.0,0.054
357.2,0.056
357.4,0.06
357.6,0.065
357.8,0.066
358.0,0.065
358.2,0.064
358.4,0.062
358.6,0.06
358.8,0.06
359.0,0.059
359.2,0.059
359.4,0.06
359.6,0.059
359.8,0.057
360.0,0.058
360.2,0.057
360.4,0.055
360.6,0.054
360.8,0.053
361.0,0.051
361.2,0.05
361.4,0.05
361.6,0.049
361.8,0.048
362.0,0.05
362.2,0.05
362.4,0.05
362.6,0.052
362.8,0.054
363.0,0.056
363.2,0.057
363.4,0.057
363.6,0.056
363.8,0.055
364.0,0.055
364.2,0.054
364.4,0.055
364.6,0.057
364.8,0.059
365.0,0.06
365.2,0.061
365.4,0.062
365.6,0.064
365.8,0.064
366.0,0.063
366.2,0.062
366.4,0.061
366.6,0.057
366.8,0.057
367.0,0.06
367.2,0.061
367.4,0.061
367.6,0.064
367.8,0.064
368.0,0.063
368.2,0.064
368.4,0.065
368.6,0.063
368.8,0.061
369.0,0.059
369.2,0.057
369.4,0.056
369.6,0.057
369.8,0.058
370.0,0.059
370.2,0.06
370.4,0.059
370.6,0.057
370.8,0.055
371.0,0.055
371.2,0.052
371.4,0.05
371.6,0.05
371.8,0.05
372.0,0.049
372.2,0.049
372.4,0.052
372.6,0.052
372.8,0.052
373.0,0.052
373.2,0.051
373.4,0.05
373.6,0.05
373.8,0.052
374.0,0.055
374.2,0.057
374.4,0.058
374.6,0.061
374.8,0.059
375.0,0.057
375.2,0.056
375.4,0.056
375.6,0.052
375.8,0.051
376.0,0.051
376.2,0.053
376.4,0.054
376.6,0.054
376.8,0.055
377.0,0.056
377.2,0.056
377.4,0.055
377.6,0.056
377.8,0.057
378.0,0.057
378.2,0.058
378.4,0.06
378.6,0.062
378.8,0.062
379.0,0.061
379.2,0.061
379.4,0.06
379.6,0.058
379.8,0.057
380.0,0.057
380.2,0.056
380.4,0.056
380.6,0.057
380.8,0.057
381.0,0.057
381.2,0.058
381.4,0.058
381.6,0.057
381.8,0.055
382.0,0.054
382.2,0.052
382.4,0.053
382.6,0.052
382.8,0.053
383.0,0.054
383.2,0.052
383.4,0.052
383.6,0.052
383.8,0.053
384.0,0.051
384.2,0.049
384.4,0.047
384.6,0.047
384.8,0.048
385.0,0.051
385.2,0.053
385.4,0.054
385.6,0.055
385.8,0.054
386.0,0.055
386.2,0.056
386.4,0.057
386.6,0.057
386.8,0.056
387.0,0.055
387.2,0.056
387.4,0.059
387.6,0.061
387.8,0.062
388.0,0.061
388.2,0.061
388.4,0.059
388.6,0.059
388.8,0.059
389.0,0.06
389.2,0.058
389.4,0.056
389.6,0.053
389.8,0.051
390.0,0.05
390.2,0.051
390.4,0.052
390.6,0.054
390.8,0.057
391.0,0.057
391.2,0.058
391.4,0.058
391.6,0.058
391.8,0.058
392.0,0.059
392.2,0.058
392.4,0.058
392.6,0.06
392.8,0.061
393.0,0.062
393.2,0.066
393.4,0.066
393.6,0.065
393.8,0.061
394.0,0.059
394.2,0.057
394.4,0.056
394.6,0.054
394.8,0.053
395.0,0.051
395.2,0.049
395.4,0.047
395.6,0.046
395.8,0.046
396.0,0.049
396.2,0.052
396.4,0.055
396.6,0.059
396.8,0.061
397.0,0.062
397.2,0.061
397.4,0.058
397.6,0.052
397.8,0.048
398.0,0.044
398.2,0.044
398.4,0.046
398.6,0.051
398.8,0.056
399.0,0.059
399.2,0.061
399.4,0.063
399.6,0.062
399.8,0.059
400.0,0.056
400.2,0.053
400.4,0.05
400.6,0.048
400.8,0.05
401.0,0.05
401.2,0.049
401.4,0.049
401.6,0.051
401.8,0.05
402.0,0.049
402.2,0.05
402.4,0.051
402.6,0.05
402.8,0.05
403.0,0.051
403.2,0.052
403.4,0.05
403.6,0.049
403.8,0.048
404.0,0.049
404.2,0.051
404.4,0.05
404.6,0.05
404.8,0.051
405.0,0.053
405.2,0.053
405.4,0.054
405.6,0.056
405.8,0.057
406.0,0.053
406.2,0.05
406.4,0.051
406.6,0.054
406.8,0.057
407.0,0.061
407.2,0.065
407.4,0.067
407.6,0.067
407.8,0.066
408.0,0.067
408.2,0.064
408.4,0.061
408.6,0.056
408.8,0.052
409.0,0.049
409.2,0.048
409.4,0.047
409.6,0.048
409.8,0.05
410.0,0.052
410.2,0.054
410.4,0.055
410.6,0.056
410.8,0.054
411.0,0.052
411.2,0.051
411.4,0.05
411.6,0.05
411.8,0.049
412.0,0.049
412.2,0.046
412.4,0.044
412.6,0.047
412.8,0.049
413.0,0.049
413.2,0.05
413.4,0.049
413.6,0.045
413.8,0.043
414.0,0.042
414.2,0.044
414.4,0.046
414.6,0.049
414.8,0.049
415.0,0.05
415.2,0.051
415.4,0.053
415.6,0.053
415.8,0.056
416.0,0.055
416.2,0.053
416.4,0.05
416.6,0.05
416.8,0.047
417.0,0.047
417.2,0.049
417.4,0.05
417.6,0.05
417.8,0.05
418.0,0.049
418.2,0.047
418.4,0.046
418.6,0.045
418.8,0.044
419.0,0.046
419.2,0.047
419.4,0.047
419.6,0.046
419.8,0.047
420.0,0.046
420.2,0.045
420.4,0.046
420.6,0.049
420.8,0.05
421.0,0.051
421.2,0.052
421.4,0.052
421.6,0.05
421.8,0.045
422.0,0.045
422.2,0.045
422.4,0.046
422.6,0.045
422.8,0.047
423.0,0.048
423.2,0.049
423.4,0.049
423.6,0.049
423.8,0.05
424.0,0.048
424.2,0.045
424.4,0.044
424.6,0.044
424.8,0.045
425.0,0.047
425.2,0.051
425.4,0.056
425.6,0.06
425.8,0.06
426.0,0.06
426.2,0.056
426.4,0.05
426.6,0.043
426.8,0.041
427.0,0.039
427.2,0.039
427.4,0.041
427.6,0.047
427.8,0.05
428.0,0.053
428.2,0.055
428.4,0.055
428.6,0.054
428.8,0.053
429.0,0.052
429.2,0.053
429.4,0.054
429.6,0.054
429.8,0.053
430.0,0.051
430.2,0.051
430.4,0.051
430.6,0.051
430.8,0.052
431.0,0.053
431.2,0.052
431.4,0.051
431.6,0.052
431.8,0.054
432.0,0.058
432.2,0.059
432.4,0.058
432.6,0.058
432.8,0.056
433.0,0.053
433.2,0.049
433.4,0.049
433.6,0.048
433.8,0.048
434.0,0.05
434.2,0.052
434.4,0.054
434.6,0.054
434.8,0.053
435.0,0.05
435.2,0.051
435.4,0.05
435.6,0.048
435.8,0.047
436.0,0.049
436.2,0.048
436.4,0.049
436.6,0.052
436.8,0.054
437.0,0.056
437.2,0.059
437.4,0.061
437.6,0.059
437.8,0.055
438.0,0.051
438.2,0.047
438.4,0.041
438.6,0.039
438.8,0.04
439.0,0.041
439.2,0.041
439.4,0.043
439.6,0.045
439.8,0.046
440.0,0.048
440.2,0.052
440.4,0.054
440.6,0.057
440.8,0.058
441.0,0.06
441.2,0.058
441.4,0.055
441.6,0.052
441.8,0.051
442.0,0.05
442.2,0.049
442.4,0.048
442.6,0.05
442.8,0.05
443.0,0.052
443.2,0.053
443.4,0.054
443.6,0.055
443.8,0.056
444.0,0.056
444.2,0.056
444.4,0.056
444.6,0.055
444.8,0.052
445.0,0.051
445.2,0.051
445.4,0.051
445.6,0.049
445.8,0.049
446.0,0.048
446.2,0.046
446.4,0.046
446.6,0.047
446.8,0.049
447.0,0.049
447.2,0.051
447.4,0.051
447.6,0.049
447.8,0.046
448.0,0.046
448.2,0.046
448.4,0.046
448.6,0.047
448.8,0.05
449.0,0.051
449.2,0.054
449.4,0.055
449.6,0.056
449.8,0.055
450.0,0.055
450.2,0.052
450.4,0.049
450.6,0.046
450.8,0.044
451.0,0.044
451.2,0.045
451.4,0.049
451.6,0.05
451.8,0.051
452.0,0.052
452.2,0.052
452.4,0.049
452.6,0.049
452.8,0.047
453.0,0.046
453.2,0.045
453.4,0.046
453.6,0.046
453.8,0.05
454.0,0.052
454.2,0.054
454.4,0.055
454.6,0.055
454.8,0.05
455.0,0.047
455.2,0.045
455.4,0.046
455.6,0.046
455.8,0.049
456.0,0.052
456.2,0.051
456.4,0.049
456.6,0.048
456.8,0.046
457.0,0.045
457.2,0.048
457.4,0.052
457.6,0.055
457.8,0.058
458.0,0.058
458.2,0.055
458.4,0.052
458.6,0.053
458.8,0.054
459.0,0.056
459.2,0.056
459.4,0.056
459.6,0.056
459.8,0.055
460.0,0.053
460.2,0.054
460.4,0.056
460.6,0.057
460.8,0.058
461.0,0.06
461.2,0.061
461.4,0.06
461.6,0.059
461.8,0.057
462.0,0.056
462.2,0.056
462.4,0.055
462.6,0.051
462.8,0.051
463.0,0.048
463.2,0.046
463.4,0.046
463.6,0.047
463.8,0.048
464.0,0.052
464.2,0.052
464.4,0.05
464.6,0.048
464.8,0.046
465.0,0.044
465.2,0.045
465.4,0.048
465.6,0.05
465.8,0.05
466.0,0.05
466.2,0.048
466.4,0.049
466.6,0.05
466.8,0.05
467.0,0.051
467.2,0.051
467.4,0.05
467.6,0.052
467.8,0.054
468.0,0.056
468.2,0.057
468.4,0.057
468.6,0.053
468.8,0.051
469.0,0.049
469.2,0.047
469.4,0.047
469.6,0.047
469.8,0.044
470.0,0.043
470.2,0.042
470.4,0.042
470.6,0.041
470.8,0.043
471.0,0.044
471.2,0.045
471.4,0.047
471.6,0.049
471.8,0.051
472.0,0.051
472.2,0.052
472.4,0.051
472.6,0.05
472.8,0.051
473.0,0.052
473.2,0.054
473.4,0.056
473.6,0.056
473.8,0.056
474.0,0.056
474.2,0.053
474.4,0.053
474.6,0.054
474.8,0.055
475.0,0.053
475.2,0.051
475.4,0.05
475.6,0.048
475.8,0.05
476.0,0.052
476.2,0.055
476.4,0.055
476.6,0.055
476.8,0.053
477.0,0.05
477.2,0.05
477.4,0.053
477.6,0.056
477.8,0.056
478.0,0.056
478.2,0.054
478.4,0.049
478.6,0.045
478.8,0.046
479.0,0.047
479.2,0.049
479.4,0.051
479.6,0.053
479.8,0.055
480.0,0.057
480.2,0.057
480.4,0.057
480.6,0.055
480.8,0.054
481.0,0.052
481.2,0.053
481.4,0.053
481.6,0.054
481.8,0.051
482.0,0.05
482.2,0.049
482.4,0.05
482.6,0.051
482.8,0.055
483.0,0.056
483.2,0.055
483.4,0.054
483.6,0.052
483.8,0.05
484.0,0.052
484.2,0.054
484.4,0.056
484.6,0.057
484.8,0.059
485.0,0.056
485.2,0.052
485.4,0.051
485.6,0.05
485.8,0.049
486.0,0.05
486.2,0.052
486.4,0.053
486.6,0.054
486.8,0.054
487.0,0.053
487.2,0.052
487.4,0.053
487.6,0.052
487.8,0.05
488.0,0.051
488.2,0.051
488.4,0.048
488.6,0.047
488.8,0.048
489.0,0.047
489.2,0.047
489.4,0.048
489.6,0.048
489.8,0.046
490.0,0.045
490.2,0.045
490.4,0.046
490.6,0.047
490.8,0.049
491.0,0.046
491.2,0.045
491.4,0.044
491.6,0.044
491.8,0.046
492.0,0.049
492.2,0.05
492.4,0.049
492.6,0.047
492.8,0.045
493.0,0.044
493.2,0.044
493.4,0.045
493.6,0.048
493.8,0.051
494.0,0.051
494.2,0.051
494.4,0.05
494.6,0.051
494.8,0.049
495.0,0.051
495.2,0.052
495.4,0.052
495.6,0.05
495.8,0.049
496.0,0.048
496.2,0.046
496.4,0.044
496.6,0.044
496.8,0.045
497.0,0.048
497.2,0.05
497.4,0.052
497.6,0.053
497.8,0.054
498.0,0.053
498.2,0.051
498.4,0.048
498.6,0.049
498.8,0.048
499.0,0.047
499.2,0.048
499.4,0.052
499.6,0.051
499.8,0.051
500.0,0.049
500.2,0.051
500.4,0.052
500.6,0.054
500.8,0.055
501.0,0.055
501.2,0.054
501.4,0.051
501.6,0.05
501.8,0.05
502.0,0.051
502.2,0.052
502.4,0.055
502.6,0.056
502.8,0.056
503.0,0.057
503.2,0.057
503.4,0.057
503.6,0.055
503.8,0.055
504.0,0.054
504.2,0.052
504.4,0.051
504.6,0.049
504.8,0.048
505.0,0.049
505.2,0.05
505.4,0.052
505.6,0.054
505.8,0.055
506.0,0.053
506.2,0.05
506.4,0.047
506.6,0.046
506.8,0.045
507.0,0.047
507.2,0.048
507.4,0.048
507.6,0.047
507.8,0.046
508.0,0.044
508.2,0.044
508.4,0.044
508.6,0.042
508.8,0.041
509.0,0.043
509.2,0.043
509.4,0.044
509.6,0.044
509.8,0.043
510.0,0.041
510.2,0.039
510.4,0.039
510.6,0.041
510.8,0.044
511.0,0.045
511.2,0.047
511.4,0.046
511.6,0.046
511.8,0.046
512.0,0.047
512.2,0.048
512.4,0.05
512.6,0.052
512.8,0.053
513.0,0.054
513.2,0.053
513.4,0.05
513.6,0.047
513.8,0.045
514.0,0.047
514.2,0.05
514.4,0.05
514.6,0.05
514.8,0.05
515.0,0.049
515.2,0.049
515.4,0.052
515.6,0.053
515.8,0.054
516.0,0.053
516.2,0.05
516.4,0.048
516.6,0.047
516.8,0.046
517.0,0.046
517.2,0.049
517.4,0.05
517.6,0.051
517.8,0.052
518.0,0.053
518.2,0.053
518.4,0.051
518.6,0.051
518.8,0.052
519.0,0.052
519.2,0.05
519.4,0.05
519.6,0.051
519.8,0.051
520.0,0.051
520.2,0.053
520.4,0.054
520.6,0.053
520.8,0.053
521.0,0.053
521.2,0.053
521.4,0.057
521.6,0.058
521.8,0.06
522.0,0.059
522.2,0.057
522.4,0.052
522.6,0.052
522.8,0.05
523.0,0.049
523.2,0.052
523.4,0.054
523.6,0.053
523.8,0.051
524.0,0.051
524.2,0.049
524.4,0.046
524.6,0.043
524.8,0.042
525.0,0.042
525.2,0.041
525.4,0.044
525.6,0.048
525.8,0.05
526.0,0.051
526.2,0.05
526.4,0.048
526.6,0.046
526.8,0.045
527.0,0.044
527.2,0.044
527.4,0.042
527.6,0.041
527.8,0.043
528.0,0.043
528.2,0.044
528.4,0.046
528.6,0.045
528.8,0.042
529.0,0.041
529.2,0.044
529.4,0.047
529.6,0.051
529.8,0.051
530.0,0.052
530.2,0.048
530.4,0.045
530.6,0.041
530.8,0.04
531.0,0.038
531.2,0.04
531.4,0.041
531.6,0.04
531.8,0.04
532.0,0.041
532.2,0.044
532.4,0.045
532.6,0.047
532.8,0.049
533.0,0.05
533.2,0.048
533.4,0.049
533.6,0.052
533.8,0.055
534.0,0.058
534.2,0.06
534.4,0.061
534.6,0.059
534.8,0.056
535.0,0.053
535.2,0.053
535.4,0.052
535.6,0.053
535.8,0.054
536.0,0.054
536.2,0.05
536.4,0.047
536.6,0.046
536.8,0.045
537.0,0.045
537.2,0.048
537.4,0.05
537.6,0.051
537.8,0.052
538.0,0.054
538.2,0.054
538.4,0.054
538.6,0.052
538.8,0.048
539.0,0.045
539.2,0.044
539.4,0.043
539.6,0.044
539.8,0.044
540.0,0.044
540.2,0.042
540.4,0.042
540.6,0.044
540.8,0.046
541.0,0.047
541.2,0.047
541.4,0.048
541.6,0.047
541.8,0.046
542.0,0.047
542.2,0.048
542.4,0.05
542.6,0.052
542.8,0.054
543.0,0.053
543.2,0.053
543.4,0.051
543.6,0.047
543.8,0.044
544.0,0.042
544.2,0.044
544.4,0.045
544.6,0.047
544.8,0.048
545.0,0.05
545.2,0.048
545.4,0.047
545.6,0.047
545.8,0.048
546.0,0.046
546.2,0.046
546.4,0.046
546.6,0.045
546.8,0.044
547.0,0.045
547.2,0.045
547.4,0.044
547.6,0.046
547.8,0.047
548.0,0.05
548.2,0.053
548.4,0.056
548.6,0.058
548.8,0.058
549.0,0.058
549.2,0.057
549.4,0.053
549.6,0.05
549.8,0.05
550.0,0.048
550.2,0.047
550.4,0.049
550.6,0.05
550.8,0.049
551.0,0.05
551.2,0.048
551.4,0.045
551.6,0.043
551.8,0.042
552.0,0.044
552.2,0.046
552.4,0.05
552.6,0.052
552.8,0.054
553.0,0.052
553.2,0.052
553.4,0.05
553.6,0.049
553.8,0.05
554.0,0.051
554.2,0.052
554.4,0.053
554.6,0.053
554.8,0.052
555.0,0.053
555.2,0.054
555.4,0.054
555.6,0.055
555.8,0.057
556.0,0.055
556.2,0.053
556.4,0.053
556.6,0.052
556.8,0.049
557.0,0.05
557.2,0.051
557.4,0.05
557.6,0.051
557.8,0.052
558.0,0.049
558.2,0.048
558.4,0.048
558.6,0.048
558.8,0.047
559.0,0.048
559.2,0.051
559.4,0.052
559.6,0.051
559.8,0.051
560.0,0.054
560.2,0.054
560.4,0.054
560.6,0.052
560.8,0.049
561.0,0.045
561.2,0.04
561.4,0.037
561.6,0.038
561.8,0.041
562.0,0.044
562.2,0.045
562.4,0.047
562.6,0.046
562.8,0.045
563.0,0.044
563.2,0.044
563.4,0.045
563.6,0.046
563.8,0.046
564.0,0.047
564.2,0.045
564.4,0.045
564.6,0.045
564.8,0.046
565.0,0.048
565.2,0.052
565.4,0.053
565.6,0.053
565.8,0.052
566.0,0.049
566.2,0.045
566.4,0.044
566.6,0.043
566.8,0.042
567.0,0.042
567.2,0.042
567.4,0.042
567.6,0.045
567.8,0.046
568.0,0.047
568.2,0.047
568.4,0.046
568.6,0.043
568.8,0.043
569.0,0.042
569.2,0.043
569.4,0.044
569.6,0.047
569.8,0.046
570.0,0.046
570.2,0.047
570.4,0.049
570.6,0.051
570.8,0.052
571.0,0.052
571.2,0.049
571.4,0.045
571.6,0.043
571.8,0.042
572.0,0.043
572.2,0.044
572.4,0.045
572.6,0.047
572.8,0.05
573.0,0.051
573.2,0.051
573.4,0.051
573.6,0.05
573.8,0.049
574.0,0.047
574.2,0.048
574.4,0.05
574.6,0.052
574.8,0.053
575.0,0.054
575.2,0.055
575.4,0.055
575.6,0.053
575.8,0.054
576.0,0.052
576.2,0.052
576.4,0.051
576.6,0.049
576.8,0.045
577.0,0.044
577.2,0.043
577.4,0.044
577.6,0.047
577.8,0.053
578.0,0.059
578.2,0.062
578.4,0.064
578.6,0.061
578.8,0.058
579.0,0.053
579.2,0.05
579.4,0.047
579.6,0.045
579.8,0.046
580.0,0.048
580.2,0.05
580.4,0.052
580.6,0.053
580.8,0.053
581.0,0.053
581.2,0.054
581.4,0.051
581.6,0.051
581.8,0.052
582.0,0.053
582.2,0.052
582.4,0.052
582.6,0.05
582.8,0.049
583.0,0.047
583.2,0.047
583.4,0.046
583.6,0.045
583.8,0.046
584.0,0.045
584.2,0.045
584.4,0.046
584.6,0.047
584.8,0.047
585.0,0.046
585.2,0.046
585.4,0.046
585.6,0.047
585.8,0.048
586.0,0.048
586.2,0.049
586.4,0.05
586.6,0.052
586.8,0.052
587.0,0.051
587.2,0.051
587.4,0.052
587.6,0.05
587.8,0.049
588.0,0.047
588.2,0.044
588.4,0.044
